TIME,BIOGAS,BIOMASS,GEOTHERMAL,SMALL HYDRO,SOLAR,WIND TOTAL
1/16/18,5737.328084,7795.03574,23135.62839,10156.36302,2568.570378,7429.557231
1/17/18,5521.940534,7886.54799,22427.84376,0.487440568,2178.765872,14099.74822
1/18/18,5448.829683,7717.088273,23047.38775,8895.577795,1668.459391,11060.62428
1/19/18,5444.351382,7895.032949,22424.54525,8762.958979,1941.24946,5154.918295
1/20/18,5391.204496,7895.133634,22332.60812,8730.453669,1833.278828,5962.875402
1/21/18,5401.339393,7894.650337,22428.04393,8787.336817,1728.05758,938.7996019
1/22/18,5398.468281,7889.856319,22293.34651,8666.936245,1989.965508,205.2514156
1/23/18,5402.144929,7782.524289,22185.99596,8864.410889,2003.026795,3913.5687
1/24/18,5406.1881,7938.60748,22235.09106,8784.315792,1668.872092,4480.009917
1/25/18,5413.108799,8081.465431,22078.19809,8916.342633,1454.994008,1771.81203
1/26/18,5308.295444,7758.94735,22238.84062,9045.979248,1750.426421,610.3329635
1/27/18,5349.350337,7817.051338,22172.22659,8779.318114,1597.3737,908.0456327
1/28/18,5387.12871,7658.857541,21954.74972,8908.436946,1723.582409,1995.201244
1/29/18,5477.108938,7804.395695,22142.19155,8874.250297,1924.632934,2346.476713
1/30/18,5468.912563,7860.309453,22120.6963,8718.447281,1607.459106,4924.554821
1/31/18,5451.92044,7849.224039,22498.4173,9481.934293,1787.50178,7776.400072
2/1/18,5482.65905,7620.822494,22420.14906,9451.137955,2030.559594,3831.104369
2/2/18,5499.871348,7753.583069,22495.29573,9698.262278,1867.800387,7280.576946
2/3/18,5660.245186,8044.664002,22618.35023,10557.31269,2424.351254,12075.36882
2/4/18,5760.796456,8230.339871,22863.13281,10696.64229,2479.144872,13256.45208
2/5/18,5587.692779,7920.246605,22583.8343,9689.250941,1751.127469,14138.12108
2/6/18,5481.766253,8074.600448,22469.06949,8432.038331,1327.453128,10841.39602
2/7/18,5641.550045,8169.140347,22638.6849,10021.51672,2400.008121,7464.609402
2/8/18,5658.445819,8091.089844,22562.02707,10848.20628,2658.20995,8291.062905
2/9/18,5597.377247,8167.823269,22687.47499,10581.13558,2567.047621,11215.27081
2/10/18,5604.180831,8075.84506,22902.34091,10747.95079,2684.589007,6086.289807
2/11/18,5474.66619,8080.056533,22524.97034,10511.47482,3076.490574,14834.02507
2/12/18,5386.493719,7904.080278,21859.50244,9134.545729,1510.998597,434.3800897
2/13/18,5421.048668,7755.888928,22134.32737,9259.070254,1421.051589,6457.169231
2/14/18,5531.441635,7846.909583,22495.19433,9922.802591,2050.020849,11860.34472
2/15/18,5446.990653,7783.476323,22875.14299,9686.357473,1785.068148,9111.033505
2/16/18,5422.992185,7881.606163,22723.16561,9775.882525,1978.565194,11164.62039
2/17/18,5456.946284,7968.002654,22751.57279,9888.780506,2587.970214,6382.769914
2/18/18,5593.216067,7999.582768,22915.54578,9551.209653,2808.883739,6327.091866
2/19/18,5525.417113,7829.713611,22538.65531,8810.975957,2082.161805,5133.625793
2/20/18,5512.219908,7771.732477,22563.20355,8682.940153,1488.054693,10381.31728
2/21/18,5602.934091,7898.888467,22604.51109,8843.791397,1371.427394,10783.86937
2/22/18,5670.107343,8144.476347,22831.25089,8282.73574,2127.640841,6420.329289
2/23/18,5568.558806,7829.955095,22764.33941,8272.040606,1794.711056,7450.304765
2/24/18,5545.23086,7968.64148,23013.80393,8576.175171,2765.596982,16999.81993
2/25/18,5585.358425,8036.933507,23148.34663,9436.002487,2820.255262,23190.80479
2/26/18,5586.274834,7763.358249,22757.49682,8700.377535,2100.074982,24365.06864
2/27/18,5481.572921,7691.480782,22682.26788,8413.513414,1749.347036,18389.50441
2/28/18,5502.035724,7906.208767,22714.34887,9768.619288,2112.322557,18729.50062
3/1/18,5713.048255,8068.8554,22728.87016,9408.237933,2396.201918,21485.67366
3/2/18,5637.697859,7968.016594,22679.36195,8948.20234,2271.244852,17165.25335
3/3/18,5646.534756,8102.458526,22705.56482,9226.696157,2441.613475,9860.410023
3/4/18,5683.303892,8274.942424,22877.74446,9246.029917,3025.097908,12219.0678
3/5/18,5577.087786,7948.248222,22631.40699,8950.472438,2167.280276,3892.550687
3/6/18,5478.238392,7797.409924,22239.44819,8435.940866,1271.033119,9236.000415
3/7/18,5534.899906,8137.529389,22478.77197,8328.427604,1931.892724,17585.76147
3/8/18,5763.824307,8277.734528,22526.14833,9124.577566,1681.036882,13671.51043
3/9/18,5764.921455,8340.659932,22722.33828,8814.966753,1766.152675,13247.90611
3/10/18,5800.107839,8320.292489,22418.47725,9329.539985,1708.76687,15775.23857
3/11/18,5812.342716,8379.928122,22529.71653,8991.775158,1697.150336,19631.94315
3/12/18,5711.89767,8046.720476,22153.71739,8528.633664,1187.253141,14429.88346
3/13/18,5673.182686,8046.707707,22455.64158,9014.558216,1483.417867,12964.03369
3/14/18,5651.235081,8324.855119,23180.82732,9635.628718,1573.854896,11952.88272
3/15/18,5721.187661,8268.371396,23167.67424,9969.355372,1878.758611,13418.09888
3/16/18,5767.651179,8234.04714,23291.06883,9964.001753,2393.23452,13555.29295
3/17/18,5715.538146,8210.746273,23333.03853,9902.409749,2136.908008,14090.23516
3/18/18,5752.046358,8315.992471,23178.38616,9265.694149,2209.839097,19356.85198
3/19/18,5760.642642,8051.897504,22877.67329,8627.824187,813.6065065,14213.27304
3/20/18,5687.281769,8435.500323,22601.72573,8043.460575,710.9860374,8570.78878
3/21/18,5719.996096,8491.568017,23143.61642,9734.037129,1424.651062,21816.58332
3/22/18,5769.314176,8328.317781,23021.48337,10096.77352,1948.160655,19425.75312
3/23/18,5774.072169,8467.012939,22877.56186,10624.11348,2170.306697,25585.14014
3/24/18,5658.573483,8657.437956,22910.55562,10250.27831,2374.295938,25566.5173
3/25/18,5795.470347,8646.118575,22895.78947,9178.335101,2146.968008,17079.69402
3/26/18,5707.182686,8240.833073,22631.52378,8037.593786,1033.153115,19823.62169
3/27/18,5724.503243,8337.987682,23173.61906,8073.777828,1216.174524,20845.61738
3/28/18,5674.854194,8185.810381,22871.83664,9425.269485,993.1005435,16016.71164
3/29/18,5844.037775,8241.267107,22954.18243,9598.68177,1568.008241,16439.07616
3/30/18,5779.724868,8399.170027,23050.78002,9374.843252,1597.124284,18900.53566
3/31/18,5735.399854,8034.47042,22855.27712,9671.884882,2424.631336,21371.09812
4/1/18,5700.054345,8353.380815,23008.31232,9978.185271,2327.488687,20440.21476
4/2/18,5543.129411,8201.713123,22642.82194,8425.768401,1036.934089,11996.46925
4/3/18,5557.003311,8247.576226,22774.29114,8423.096887,2057.702393,21347.09834
4/4/18,5735.874665,8305.389521,23248.80374,10541.97439,2655.955046,23473.19233
4/5/18,5714.652764,8397.089393,23252.87077,10389.78552,2666.575006,24207.40953
4/6/18,5747.082072,8207.588238,23056.68231,10269.57656,2705.566409,16923.93253
4/7/18,5756.833181,8227.299424,23196.67536,10541.83066,2506.897696,22658.09771
4/8/18,5684.053342,8260.694061,23307.47475,10530.79005,2650.631526,27436.44665
4/9/18,5557.171767,8098.691957,22887.61565,9577.409729,2416.039484,23487.30811
4/10/18,5612.017538,8267.25088,22683.09378,9683.270337,2162.923002,23242.9529
4/11/18,5734.000599,8312.603792,23014.59633,10273.48599,2629.775597,21683.71946
4/12/18,5723.204073,8183.31139,22925.38147,10389.27697,2876.152461,26205.12591
4/13/18,5734.268613,8217.311269,23013.44436,9937.951677,2254.392233,20323.22004
4/14/18,5691.894637,8231.578526,23234.70848,10453.55016,2313.00244,24675.16196
4/15/18,5647.088918,8244.361143,23261.60742,9887.906141,2292.411272,21287.85513
4/16/18,5446.659538,8011.91388,22606.15955,10124.00679,2396.67859,18569.91849
4/17/18,5457.785807,7982.127083,22789.01989,9771.452613,2536.014502,16078.69974
4/18/18,5670.111176,8290.21362,22676.83362,10144.06046,2764.993916,24886.74014
4/19/18,5625.512781,8204.656621,22308.35436,9998.420421,2876.655097,23016.71716
4/20/18,5577.374048,8150.871513,22368.08784,9092.590659,2551.492592,18203.92705
4/21/18,5750.678515,8398.870913,22827.45906,9234.329456,2500.337922,19550.49075
4/22/18,5713.313557,8212.335549,22347.85986,9844.330843,2309.085992,22208.73124
4/23/18,5625.744778,8028.965616,22066.86234,9286.340004,1438.014208,16672.76351
4/24/18,5787.731899,8379.65078,22328.12238,9363.126695,2454.368362,18124.1752
4/25/18,5858.927223,8536.287362,22531.09522,9636.427768,2562.946165,27016.95547
4/26/18,5703.573232,8294.691887,22655.22502,9713.784747,2807.114181,22173.52943
4/27/18,5555.134143,8126.525675,22632.05201,9035.616835,2885.762527,16910.65182
4/28/18,5572.038447,8082.119974,22515.70446,8424.8879,2307.530233,22578.22462
4/29/18,5653.777044,8138.696879,22684.94217,9606.027677,2359.832134,21293.28569
4/30/18,5608.94619,8059.706698,22049.16383,8489.507737,2112.845556,15640.63323
5/1/18,5542.988014,8015.284461,22281.64306,8687.682422,2011.198361,14592.2723
5/2/18,5652.819928,8227.867307,23058.83892,9916.954799,2659.014146,25991.75594
5/3/18,5700.197521,8254.370519,22699.94982,9780.756512,2806.474575,27714.2199
5/4/18,5725.029817,8270.364513,22657.35585,10309.91699,2770.191559,27511.38615
5/5/18,5747.43768,8362.952849,22762.10035,10705.04652,2322.738763,28701.43751
5/6/18,5808.736445,8446.462407,22112.14407,9897.019145,1883.951142,27885.63386
5/7/18,5640.430328,8182.895821,22038.92745,8922.463865,1509.33099,20973.94858
5/8/18,5815.926734,8489.419585,22299.85306,9214.61126,1782.983164,24347.79904
5/9/18,5773.346059,8405.288893,22465.27113,9095.070522,1724.78294,15222.57642
5/10/18,5745.996,8373.51691,22522.08183,9403.202891,2011.74137,14339.52717
5/11/18,5686.957102,8318.07332,22179.30815,8922.546493,1961.913489,19638.21919
5/12/18,5704.995665,8130.949465,22104.67841,9353.339465,1887.158685,12077.96486
5/13/18,5717.920886,8173.063746,22207.65281,9710.078864,1996.761784,14611.79383
5/14/18,5650.67802,8058.732937,22420.12206,8992.946352,1635.649155,13239.39455
5/15/18,5637.980304,8172.747911,22181.17243,8890.429507,1551.388996,10409.90335
5/16/18,5806.395967,8402.959486,22649.47204,9705.413045,2056.61893,20513.95627
5/17/18,5812.87322,8400.97972,22631.86499,9440.926824,2279.225101,19953.46338
5/18/18,5791.2917,8470.687565,22452.14642,9528.233515,2019.340292,17062.78234
5/19/18,5667.540269,8319.368442,22364.72969,9740.226783,2068.626388,20783.59847
5/20/18,5819.883415,8489.842964,22143.55258,9748.404396,2556.050466,24593.95403
5/21/18,5845.969143,8491.332657,22369.29083,8735.11726,1776.96175,13623.28659
5/22/18,5693.180781,8338.818393,22407.4691,8118.599782,1998.493307,9218.589971
5/23/18,5763.962561,8385.9309,22548.19845,8610.809614,2395.902315,10598.92542
5/24/18,5824.480236,8446.902934,22630.16238,8623.425881,1977.367409,19469.39606
5/25/18,5783.005513,8392.00325,22691.96046,8056.955074,1727.133488,18760.17696
5/26/18,5690.660858,8264.787074,22674.29329,8980.647024,1911.445689,17973.76484
5/27/18,5800.85573,8327.734556,22548.32579,9220.213941,2171.473421,12683.21946
5/28/18,5564.173065,8013.626095,22333.39596,9036.690942,1921.733858,6400.690123
5/29/18,5628.561983,8092.143819,22480.17788,9097.471581,1874.901622,12663.49867
5/30/18,5802.509388,8376.459734,22194.08751,8704.342441,2775.14169,21746.1669
5/31/18,5815.240141,8395.264053,22265.90931,10050.55168,2865.394009,27516.74468
6/1/18,5735.082627,8341.245851,22518.06166,9893.504451,2345.271175,29703.6824
6/2/18,5732.444282,8350.521649,22541.54517,10311.389,2341.650266,24300.81101
6/3/18,5768.547655,8370.808281,23209.55103,9864.776893,3050.917616,28977.27413
6/4/18,5717.136872,8307.06019,22869.51826,9171.81737,2809.990529,28224.05236
6/5/18,5721.928568,8219.595141,22755.63966,9307.132791,2991.290936,32638.51375
6/6/18,5698.442398,8186.834622,23238.24627,9761.1159,3533.969277,30197.94822
6/7/18,5763.791432,8362.608567,23412.35243,10319.34983,3417.569264,31256.46095
6/8/18,5747.027254,8342.438941,23398.63752,10462.58953,3294.369304,33505.78849
6/9/18,5704.700039,8307.166325,23309.7206,10617.98334,2981.503011,32274.71422
6/10/18,5790.159289,8434.863572,23530.11185,10586.30848,3010.290525,32240.77202
6/11/18,5765.038449,8298.240413,23185.26263,9206.338378,2835.014034,23125.59885
6/12/18,5729.907695,8290.76953,23096.53797,10383.40724,3118.315749,26210.40922
6/13/18,5766.192234,8325.27323,23437.06198,10531.4857,3310.577316,26465.83442
6/14/18,5772.202002,8304.914361,23424.53645,10490.6089,3457.492751,26017.87401
6/15/18,5719.099344,8174.180311,23407.00852,10550.51715,3299.463745,24872.39789
6/16/18,5735.960115,8275.938738,23594.02473,10005.38189,3270.134227,25628.25731
6/17/18,5750.645105,8312.309822,23341.85978,10240.12098,3280.284285,29778.6539
6/18/18,5733.887472,8287.824409,23360.20925,9989.744852,3286.270029,25404.90331
6/19/18,5664.962411,8215.048893,23251.54923,9732.479082,3347.269553,23372.49009
6/20/18,5745.732567,8317.00924,23298.66676,10325.5737,3263.246304,29376.76363
6/21/18,5830.76661,8480.160874,23136.99159,10071.13684,3338.142712,31681.46912
6/22/18,5753.110112,8356.122116,23203.77301,10369.96511,3177.193695,30686.41216
6/23/18,5790.618295,8373.862631,23262.28952,10361.26466,3151.575444,28727.37552
6/24/18,5808.110696,8394.529648,23269.95372,10054.38848,3069.63223,30793.39564
6/25/18,5813.4519,8431.547038,22929.22369,9671.529571,3364.700987,21987.30347
6/26/18,5746.868063,8305.056447,23143.42193,9374.59709,3044.379429,28522.05136
6/27/18,5807.034678,8427.505255,23264.57731,9884.209378,3084.565163,25399.06782
6/28/18,5791.215004,8356.37438,23187.89646,9366.417544,3020.6142,20434.44849
6/29/18,5725.628735,8300.202816,23401.94057,10038.44555,2998.008559,24973.94761
6/30/18,5792.489859,8429.62582,23229.89743,10003.24448,2888.415505,26360.22899
7/1/18,5761.38121,8341.934721,23288.45515,10165.43871,3002.332297,28694.15995
7/2/18,5744.350382,8348.428214,23094.08071,9234.003439,2475.186039,20929.72064
7/3/18,5798.788772,8495.802044,22928.0674,8885.560879,2276.278148,14429.0752
7/4/18,5761.052791,8340.434677,23426.84602,10035.30987,2237.694662,18278.00026
7/5/18,5758.885066,8315.526314,23439.74284,9954.639098,2191.334341,19032.82334
7/6/18,5526.138972,7896.808207,22514.27403,8662.03868,1658.190526,6399.486533
7/7/18,5634.846749,8072.764697,22824.1305,9986.816963,2233.764675,16063.50621
7/8/18,5713.193413,8265.022035,23081.70351,10107.03173,2667.394156,23711.8601
7/9/18,5617.675815,8065.811293,22840.09407,8525.301921,2115.320146,11926.609
7/10/18,5712.193457,8306.04685,22842.5142,9943.615468,1898.405038,16486.88886
7/11/18,5707.37925,8251.932894,23062.87527,10466.72347,2605.337377,18043.61068
7/12/18,5765.915417,8336.274143,22725.24113,10091.39149,2306.143647,20265.14521
7/13/18,5674.914209,8177.114133,22718.72704,10112.7789,2753.124433,14681.05268
7/14/18,5610.404965,8027.003105,22671.99752,9463.63423,2405.06049,17126.88952
7/15/18,5550.018988,7945.853196,22521.77333,9920.815221,2665.436897,21551.8367
7/16/18,5568.757043,8039.973097,22409.8135,9292.531108,2193.12584,10467.39558
7/17/18,5562.714741,8023.019887,22605.80958,9310.706556,1931.282861,15383.40095
7/18/18,5762.652395,8325.818973,23161.60202,9575.797381,2589.403086,25327.48622
7/19/18,5773.958132,8328.171285,22946.68803,8892.893967,2570.424594,29342.38288
7/20/18,5658.966221,8177.889908,23098.81114,9593.233755,2607.056476,31182.80667
7/21/18,5785.005959,8383.184239,23219.42203,9240.741569,2428.457386,28559.21061
7/22/18,5752.404824,8329.392364,23004.95526,8899.158348,2709.341021,24893.92167
7/23/18,5766.10079,8365.655475,22466.94081,8567.04401,2447.665447,16542.82419
7/24/18,5747.303519,8319.367432,22662.43432,8658.372514,2278.458804,24954.70377
7/25/18,5763.648647,8347.158264,23359.03078,9553.462476,2869.335713,27358.08205
7/26/18,5756.246023,8347.081403,23499.9213,9977.928896,3051.622797,30062.83882
7/27/18,5683.474192,8198.46852,23290.0503,9568.586009,2830.326042,26144.60869
7/28/18,5697.596371,8203.099988,22977.49845,9814.562233,2609.654265,20387.8858
7/29/18,5753.639935,8300.928249,22969.63405,9941.901369,3093.020916,24934.19793
7/30/18,5716.823055,8255.125103,22436.01513,7873.094784,2835.57795,16397.11916
7/31/18,5715.651338,8245.056198,22754.24207,8243.646335,2707.508986,15803.734
8/1/18,5678.713373,8164.302334,22806.81984,9416.227803,2261.894063,15208.82566
8/2/18,5693.140776,8203.353752,22679.40947,9332.705421,2330.577095,21151.86065
8/3/18,5693.98362,8233.980874,22837.9341,10061.43056,2839.110868,18147.58599
8/4/18,5697.08409,8236.258469,23061.44207,10063.20484,2896.086691,22362.14017
8/5/18,5692.669003,8212.807984,23049.42979,10023.44037,2828.023451,22092.84248
8/6/18,5525.233204,7939.680119,22411.4121,8905.910053,2213.053871,14121.76698
8/7/18,5588.052205,8053.528089,22597.85562,9550.75196,2054.40323,15256.07067
8/8/18,5746.454146,8324.287328,23200.43947,10382.90929,2754.076093,23097.84186
8/9/18,5755.042292,8320.511649,22870.91915,10427.64626,2874.364415,21516.0419
8/10/18,5767.9234,8353.5598,23152.29402,10316.90242,3010.3045,24214.73111
8/11/18,5760.479569,8343.175765,23312.21844,9981.434932,3163.417196,26142.59524
8/12/18,5760.308213,8329.201222,23196.69443,10045.2922,3271.22378,23008.74257
8/13/18,5628.578265,8059.686059,22767.58556,8822.361665,2644.816354,18480.97366
8/14/18,5609.339294,8055.266555,22774.03678,9547.315691,2683.919713,14290.19518
8/15/18,5637.877458,8099.979194,22988.70412,9741.5646,3051.133428,21980.91339
8/16/18,5765.270924,8327.769526,23064.83262,10416.46847,3069.985446,20210.09337
8/17/18,5649.359976,8143.738267,23200.12747,10426.82695,3018.031038,16113.16371
8/18/18,5722.153345,8264.228653,23087.67229,9900.400524,2895.13215,24051.5278
8/19/18,5704.27074,8212.854406,22668.63826,10070.20347,3194.362066,21955.75004
8/20/18,5650.479426,8121.690172,22621.4253,8434.204239,3113.808117,14068.7634
8/21/18,5710.839372,8244.54368,23137.91548,9225.43643,2784.904439,13089.26529
8/22/18,5665.271062,8147.816888,23073.64289,9522.737881,2636.98074,14522.53449
8/23/18,5748.836252,8308.376196,23029.034,8953.236225,2719.840433,12002.8061
8/24/18,5684.221628,8219.494089,23145.04613,9766.209025,2594.818988,13331.42298
8/25/18,5700.721139,8236.260245,23122.83964,9006.585283,2251.084479,23917.98451
8/26/18,5639.886139,8117.108097,23258.32543,9792.367872,2553.636246,22856.18272
8/27/18,5695.251881,8242.050538,22918.81809,8940.274756,2148.383889,18440.60257
8/28/18,5557.320226,7958.342436,22914.08026,8485.702708,1866.294925,17073.41538
8/29/18,5732.850014,8266.664318,23287.47076,10006.24911,2557.523793,26034.05125
8/30/18,5723.259378,8274.799787,23390.00255,9922.395501,2369.199527,24606.78779
8/31/18,5726.923861,8264.55695,23424.11415,10628.34191,2531.427265,25859.42505
9/1/18,5728.545553,8274.444267,23509.49256,10230.64543,2293.847706,25359.2245
9/2/18,5716.06792,8247.174559,23522.87394,10208.42762,2610.862136,26118.94998
9/3/18,5666.911661,8132.358026,22938.2968,9549.251913,2425.120297,17824.41323
9/4/18,5763.085478,8313.910489,23068.96297,9377.73092,2470.27571,20953.6604
9/5/18,5681.135971,8165.090572,23201.45645,8832.435992,2278.422937,21418.88961
9/6/18,5695.776701,8240.88072,22706.082,8496.976241,1945.559441,19369.13316
9/7/18,5699.06027,8225.94416,23041.98655,9186.337727,2244.456995,14780.81762
9/8/18,5750.486061,8322.122024,23443.50558,9900.386403,2105.918007,17339.89156
9/9/18,5738.77183,8301.113971,23291.34897,9600.500563,2139.76784,18878.30886
9/10/18,5675.700107,8187.807051,22937.96183,8475.51629,2162.854858,7855.111987
9/11/18,5722.519705,8247.051796,22758.46349,7752.106777,2170.4879,10088.69602
9/12/18,5774.571814,8351.525741,23330.88927,10328.92188,2560.815072,22028.7513
9/13/18,5735.75582,8283.048007,23242.75013,9956.54073,2464.30916,24556.61953
9/14/18,5726.499028,8284.011249,23197.72775,10727.79751,2544.232802,26599.67301
9/15/18,5693.053766,8221.139954,23209.97714,10267.9155,2323.660884,18097.59058
9/16/18,5743.822606,8312.760576,23355.82396,10176.61381,2503.096441,18676.61788
9/17/18,5737.026907,8304.402945,23200.24275,8449.571622,2154.521719,14237.5063
9/18/18,5787.297889,8387.137831,22962.56295,8634.281228,2182.20856,15422.93236
9/19/18,5735.551752,8289.377,22995.96848,9696.206065,2786.737235,28075.49221
9/20/18,5752.719015,8314.374166,23418.39424,9984.664083,2597.041702,27386.68732
9/21/18,5756.698565,8335.306981,23268.24509,9984.812613,2743.293281,24338.47762
9/22/18,5770.257251,8357.931533,23338.99701,9412.206663,2479.225835,24573.27213
9/23/18,5747.832724,8312.284682,23234.63322,9914.222343,3061.647685,26220.64694
9/24/18,5717.888613,8258.096773,22892.63693,8463.971168,2549.619069,18887.80033
9/25/18,5782.789946,8343.104906,23062.93831,9622.476585,2617.891324,22276.54843
9/26/18,5793.715858,8393.990458,23136.71794,10150.22885,2941.490187,15965.41121
9/27/18,5863.107007,8532.366658,23127.55115,8957.244778,2867.769896,12531.63072
9/28/18,5735.659471,8290.743318,22869.96689,10110.50885,2664.424338,16092.49581
9/29/18,5697.139135,8214.712481,22698.58806,9829.13914,2751.964411,15103.10709
9/30/18,5778.736006,8380.512663,22723.31854,10175.57175,2959.07898,18908.6883
10/1/18,5704.333549,8231.717243,22112.91664,8992.049858,2854.5267,10208.53767
10/2/18,5790.740421,8378.910006,22450.95658,9099.711397,2087.579841,14367.80954
10/3/18,5747.35296,8303.42035,22823.70929,9903.447607,2901.821444,18372.63774
10/4/18,5828.274267,8460.840301,22920.52195,9971.925345,3194.922992,21342.26397
10/5/18,5727.251824,8278.629422,22876.30236,9749.620119,2901.491011,20336.9861
10/6/18,5691.830448,8193.460586,22566.77589,8565.054202,2578.041786,5596.615075
10/7/18,5761.494678,8337.224003,22793.15809,9076.265704,2842.876128,15722.08694
10/8/18,5694.179128,8221.574478,22590.93707,8637.459441,2096.589791,9970.7806
10/9/18,5713.756613,8252.209103,22510.10496,8813.186374,2038.547456,10289.03096
10/10/18,5646.214174,8108.223004,22589.81506,8794.200023,2346.802411,7371.667274
10/11/18,5751.809545,8295.881976,22824.14294,8860.361012,3035.029381,8947.761379
10/12/18,5611.538513,8040.194738,22804.8388,9667.752618,2744.372014,9596.14836
10/13/18,5628.251634,8084.515264,22926.42337,8624.350891,2326.977908,5848.271051
10/14/18,5579.771662,8005.877448,23071.84244,9531.596528,2402.965487,16948.76278
10/15/18,5567.567159,7978.859973,22621.04519,8985.112345,2169.818892,7016.813045
10/16/18,5594.48493,8033.101025,22736.28253,9119.545593,1938.74998,8490.763639
10/17/18,5663.017042,8144.942657,23012.26352,9865.931758,2369.640571,14184.61015
10/18/18,5746.996101,8324.684126,22943.77175,9598.764231,2593.722964,15883.9282
10/19/18,5548.362961,7954.459474,22426.26552,9371.519327,2414.168082,15655.06081
10/20/18,5677.225451,8169.710925,22519.7904,8844.454737,2430.383162,16693.80093
10/21/18,5749.329465,8319.957516,22661.63023,9495.237772,2486.843082,16364.26431
10/22/18,5617.192064,8081.445818,22300.0313,8676.227325,2258.190348,7957.820481
10/23/18,5682.500468,8199.307774,22600.51031,8953.204725,2010.507344,6706.327598
10/24/18,5794.833683,8397.329713,22978.86321,9143.089791,2308.38232,18463.16628
10/25/18,5830.809912,8473.388844,22861.5954,9614.461623,2284.648941,16132.17947
10/26/18,5660.422762,8150.377123,22891.70728,9841.287375,2318.326992,18052.61
10/27/18,5701.389135,8220.68283,23005.79995,9075.159624,2457.722198,14081.26345
10/28/18,5594.477556,8015.913986,22795.42749,9159.320507,2321.867767,11896.31998
10/29/18,5651.024906,8123.127426,22559.80394,8792.850775,2148.69888,7043.648944
10/30/18,5610.34711,8053.049178,22627.65255,8783.731971,2037.339557,6947.8803
10/31/18,5735.953098,8301.634543,22748.54449,9542.579222,2267.342134,13805.98282
11/1/18,5858.045917,8523.191361,22724.32246,8671.413901,2222.774534,15767.6342
11/2/18,5785.942732,8373.415612,22743.12333,9191.989666,2478.095284,16109.92466
11/3/18,5831.540814,8473.063946,22884.96947,9107.858907,1966.364952,23514.52413
11/4/18,5852.733852,8511.279203,23108.68442,9203.007475,2368.824901,26613.71756
11/5/18,5901.263988,8599.668297,22424.80201,8610.107399,2139.297366,11380.33152
11/6/18,5803.242142,8429.604508,22182.2137,8647.256673,1854.948034,6751.231754
11/7/18,5787.289898,8386.038597,22966.79311,9029.100155,2259.786779,11494.1144
11/8/18,5833.69038,8481.429907,23104.19718,10185.47952,2176.167476,22328.92781
11/9/18,5774.13017,8371.168486,22967.2332,9950.003918,1828.455117,18386.58466
11/10/18,5781.896426,8380.380438,23197.02459,9179.868729,1736.368316,19420.90874
11/11/18,5794.599437,8405.807382,22727.21811,8504.537293,2238.442459,16111.55439
11/12/18,5680.642661,8205.35183,22284.92019,8227.147959,1708.061254,9990.5226
11/13/18,5692.113307,8207.451909,22312.84015,9029.285754,1647.889036,9782.571191
11/14/18,5799.461852,8411.80278,22232.13894,9146.666267,1889.963802,12644.73739
11/15/18,5887.693705,8579.83591,22528.89128,9093.507148,2096.404225,16574.9486
11/16/18,5793.430968,8402.610396,22907.77592,9302.079971,2372.867484,12686.62737
11/17/18,5771.371259,8349.758245,23080.36612,9821.328269,2207.197354,13187.27266
11/18/18,5774.336041,8357.51085,23016.0023,9603.259875,2751.613044,17879.61232
11/19/18,5876.998368,8546.096104,22011.12659,8486.495034,2094.342051,12068.89952
11/20/18,5710.809633,8245.014001,22073.38696,8167.01099,1605.059458,10603.59093
11/21/18,5871.090146,8553.915831,23274.29362,9616.101458,2182.917493,15599.31074
11/22/18,5833.858228,8481.38036,23148.03063,9406.83867,2379.694318,11471.50427
11/23/18,5927.03624,8650.740704,23100.37525,9386.104387,2282.238636,13893.49078
11/24/18,5906.185394,8625.886511,23198.11519,9139.371446,1937.580116,15645.22902
11/25/18,5922.739284,8656.161513,23188.86111,9785.988668,2680.398485,19325.38738
11/26/18,5947.236324,8691.29633,22990.62752,9395.780072,2486.704373,13821.30798
11/27/18,5971.796579,8737.674647,23063.93946,8346.889983,2035.585169,12234.46199
11/28/18,5691.910343,8210.685826,22909.26853,8635.764674,2229.58857,10681.41776
11/29/18,5788.8768,8401.437823,22984.02066,8984.214191,2074.414373,18724.12047
11/30/18,5787.125494,8396.188068,23190.38255,9013.496276,2190.171519,15975.49648
12/1/18,5745.40699,8311.717595,23059.67145,9869.149393,2305.808701,19656.93846
12/2/18,5801.668591,8422.959803,23107.84163,9946.000178,2475.222959,15983.84239
12/3/18,5465.5219,7782.765712,22198.37794,9086.569729,2158.617139,6123.512273
12/4/18,5423.834436,7701.399011,22664.85455,9108.45022,2028.808441,7173.298971
12/5/18,5572.637206,7978.609286,22807.93274,9567.727026,1825.634938,5444.089632
12/6/18,5507.766478,7860.295145,22310.91151,8737.962311,1934.108478,7228.308803
12/7/18,5453.333363,7757.639198,22672.61965,8834.807925,1936.645367,4584.539802
12/8/18,5413.765149,7682.391808,22486.2871,9353.454834,2244.684796,5145.413614
12/9/18,5459.031466,7763.224079,22487.85855,9835.893324,2001.602785,3329.516174
12/10/18,5419.709266,7692.083726,22239.62392,9357.843726,2042.021296,5712.259762
12/11/18,5449.824376,7752.241769,22325.24354,9270.620252,1966.401709,4909.922077
12/12/18,5471.367516,7788.285506,22579.21457,8769.700891,2105.210149,4396.424422
12/13/18,5485.537066,7811.21992,22653.18751,8401.837161,2093.448055,3187.154026
12/14/18,5445.131539,7740.025321,22681.77112,8424.07187,2242.033095,5994.250372
12/15/18,5438.905732,7725.463359,22420.54577,8616.698848,2114.885301,4124.32982
12/16/18,5475.127243,7798.831622,22482.2874,9623.046116,1965.680407,4055.110582
12/17/18,5445.012734,7742.509874,22166.30133,8973.56117,2118.3591,1907.926553
12/18/18,5465.086047,7780.058369,22362.6593,8476.114065,2052.383849,2269.446943
12/19/18,5378.677259,7619.51598,22105.49541,9365.948461,1858.746082,6396.007005
12/20/18,5430.669043,7714.123829,22519.00415,8804.412919,1937.955734,6309.114838
12/21/18,5394.828665,7645.01458,22444.76313,8857.319771,1901.656405,4020.837872
12/22/18,5442.01684,7735.752726,22200.28185,8560.16458,2152.329318,3439.833535
12/23/18,5404.031224,7664.91409,22085.84508,9368.321151,1996.470174,4076.784008
12/24/18,5415.017785,7682.768702,22323.84885,8406.918014,1991.987717,3195.303068
12/25/18,5418.271501,7691.0405,22311.3447,9209.857548,1915.44378,2761.343996
12/26/18,5483.577233,7812.538177,22545.9686,9879.058001,2072.783768,6084.838937
12/27/18,5501.080016,7845.505072,22465.76793,8948.209569,2006.828866,9334.601977
12/28/18,5440.074144,7728.657941,22498.57413,8535.611819,2073.631274,9309.735517
12/29/18,5484.915661,7820.431902,22551.58517,9180.806095,2247.829957,10243.61544
12/30/18,5488.774921,7826.251071,22001.95153,9075.66794,2226.771347,8200.298282
12/31/18,5450.365942,7746.6801,22219.06677,9023.104589,2062.055059,6535.649071
1/1/19,5526.582615,7893.154258,22329.86064,9370.001375,2055.855134,5719.262832
1/2/19,5481.563119,7807.062724,22862.23742,10146.4577,2228.737904,6769.69614
1/3/19,5481.16909,7802.787572,22504.91751,8488.335304,1894.579096,9424.53433
1/4/19,5542.638517,7921.798285,22901.0352,8880.910737,1929.396289,12060.87212
1/5/19,5408.639317,7670.46492,22886.89206,9518.415017,1995.602523,8046.310766
1/6/19,5370.55598,7601.660236,22122.25632,8908.934671,1871.88787,3232.651175
1/7/19,5483.686771,7814.77728,22398.13009,8341.880579,2061.590974,2649.574965
1/8/19,5434.833877,7723.188106,22792.40066,8228.984278,1971.960561,6212.433098
1/9/19,5395.681189,7643.984889,22546.62853,8616.371738,2022.911653,5843.610341
1/10/19,5449.339171,7748.413758,22394.37778,8659.149121,1906.755685,4266.151793
1/11/19,5426.459665,7706.478662,22163.44455,8305.644421,1960.761024,4980.162446
1/12/19,5430.778013,7718.495287,22020.66757,8687.9546,1953.973802,5221.520685
1/13/19,5418.329453,7690.830863,22088.77467,9053.304666,2075.918149,2395.908737
1/14/19,5432.665047,7719.004728,22318.01497,8454.932428,1858.695024,4061.495052
1/15/19,5432.298321,7719.139265,22301.32244,8379.883793,1813.982626,7070.651297
1/16/19,5424.517188,7704.703098,22616.54851,8809.522141,1903.973894,7373.22698
1/17/19,5446.437912,7747.517746,22448.79293,8361.483449,1915.965338,6226.84577
1/18/19,5467.400635,7783.993603,22499.3748,8491.872861,1952.050528,6936.301346
1/19/19,5443.411288,7738.314047,22211.23525,8581.873089,1923.576006,7028.070294
1/20/19,5413.169253,7679.938658,22014.78357,8389.270236,1791.316575,4831.768743
1/21/19,5444.831446,7741.317748,22167.6765,8288.178796,1870.557982,4404.153328
1/22/19,5452.144583,7755.130363,22170.79497,8292.302318,1792.189935,4515.179718
1/23/19,5467.174867,7783.756299,21911.38458,8439.81188,1833.249302,4773.149741
1/24/19,5458.492987,7767.089526,22212.27983,8374.474023,1914.570963,5854.722743
1/25/19,5491.383116,7830.373214,22224.75634,8126.812448,1799.866287,6719.039719
1/26/19,5471.424478,7790.395415,22070.09081,8465.656688,1774.703855,5937.199078
1/27/19,5425.255959,7703.641069,21917.3451,8457.800594,1736.609847,4487.386709
1/28/19,5465.014711,7780.054924,21898.05866,8278.069206,1842.434542,3292.597807
1/29/19,5442.561224,7738.018056,22096.48711,8578.458003,1830.341145,6269.173891
1/30/19,5573.116442,7985.074906,22217.58423,8598.74094,1819.561107,9475.616488
1/31/19,5578.756244,7995.403929,22362.3471,8428.15681,1967.594302,8653.483587
2/1/19,5559.212125,7956.728219,22428.73988,8681.437962,1927.751085,8119.808991
2/2/19,5603.765208,8044.091771,22171.10591,8467.604509,2086.446979,5991.484675
2/3/19,5696.658412,8218.960165,22797.73877,9763.511537,2271.37815,23175.15812
2/4/19,5640.707291,8112.86274,22348.64412,8117.37557,1641.998229,19940.11105
2/5/19,5653.512523,8137.554821,22474.88209,8745.209618,1872.174259,19042.14677
2/6/19,5735.095409,8293.104877,22408.15936,10181.23462,1707.540076,17027.16159
2/7/19,5743.193413,8305.382906,22373.48818,9545.951187,2097.256651,17217.5329
2/8/19,5773.204199,8361.892168,23333.17597,10089.80155,2313.311462,19012.54437
2/9/19,5742.444872,8304.679644,23149.38386,9941.232271,2091.878594,20232.38739
2/10/19,5760.0166,8336.957164,23211.53706,9929.031669,2109.442919,18943.2231
2/11/19,5606.306034,8048.563255,22661.55432,8220.465644,1563.166967,12293.58276
2/12/19,5554.873036,7953.296676,22555.81745,8765.007123,1638.153637,11967.07732
2/13/19,5704.990289,8232.305306,22681.22353,9727.020643,2009.696732,17673.03936
2/14/19,5678.265671,8182.846275,23076.31262,9532.758244,2099.881695,16936.21771
2/15/19,5695.4508,8215.244567,22796.96654,8961.613496,1876.95795,13419.36349
2/16/19,5674.328156,8176.751202,22811.23796,9549.241489,2104.933071,17610.64073
2/17/19,5644.338826,8116.263867,22980.64581,9607.416684,2427.829526,15725.47003
2/18/19,5523.447634,7893.153684,22470.57842,9021.05821,1937.778528,12741.85007
2/19/19,5506.058417,7860.440721,22253.72987,8907.116403,1789.145516,13212.15832
2/20/19,5543.576406,7927.125934,22740.66567,8647.142144,1577.296628,9606.787008
2/21/19,5713.482915,8247.75907,23036.97938,8346.112031,2023.451264,19438.83296
2/22/19,5662.92615,8150.432916,23038.96674,8616.770465,1951.592967,17527.81508
2/23/19,5631.73724,8093.608678,22832.22884,8828.818034,2115.758444,19592.76565
2/24/19,5631.68269,8091.838672,23065.61889,9412.278154,2710.950338,21546.80147
2/25/19,5616.294264,8064.470453,22311.78869,8743.024587,1742.509082,12183.36143
2/26/19,5551.67788,7944.296142,22321.23322,8526.952809,1453.967529,17787.17115
2/27/19,5711.36377,8248.059777,22900.01672,9612.477699,2233.728605,17406.30549
2/28/19,5698.234643,8223.828372,23049.15315,8662.801627,2321.885154,10928.05051
3/1/19,5685.326671,8197.095189,22851.8941,9247.408669,2244.644804,17368.31198
3/2/19,5696.534955,8220.213703,22741.47775,9196.148724,2447.809702,14291.55102
3/3/19,5739.5977,8297.657005,23148.54911,9965.953399,2612.790631,22458.29374
3/4/19,5792.272067,8397.575791,22772.1636,9354.216437,1925.035032,14400.35929
3/5/19,5854.87507,8514.209043,22941.14582,9522.244926,1857.05977,13484.43238
3/6/19,5714.726634,8251.948511,22140.91993,8402.205417,1356.193445,12716.11693
3/7/19,5757.89432,8331.405569,22346.90147,8988.75592,1874.194103,14373.72646
3/8/19,5705.786533,8234.70349,22452.55066,9275.158387,1972.965127,12172.67636
3/9/19,5755.637685,8331.315204,22436.53591,9676.667793,2215.560358,12354.77139
3/10/19,5776.520853,8367.733599,22461.93049,9588.082798,2181.226927,13599.73056
3/11/19,5688.126172,8204.288975,22238.32379,8562.009641,1388.280503,8238.222576
3/12/19,5574.45766,7987.314943,22068.264,8527.414327,1428.284464,11336.08718
3/13/19,5824.550207,8457.793179,22688.16388,9360.819612,1092.163952,16910.41094
3/14/19,5981.452248,8753.093869,22872.78191,9600.013576,1779.68759,19844.07752
3/15/19,5782.422789,8379.861826,22724.70377,9546.695599,1750.982507,19474.91345
3/16/19,5794.820884,8403.244086,22851.99473,9917.378784,2275.408526,21028.9248
3/17/19,5940.736656,8677.230351,23160.65135,9896.437888,2416.181564,19318.90928
3/18/19,6035.584212,8855.95695,22790.20366,8559.133658,1516.364691,17788.11906
3/19/19,5965.075432,8722.777222,22431.02178,8372.964688,1179.342327,17644.72738
3/20/19,5946.725115,8688.88994,22906.27145,9821.982825,1006.333082,22365.73814
3/21/19,6034.038565,8853.492255,23234.50632,10012.47146,1531.243522,22636.36907
3/22/19,5753.971651,8326.061866,22700.22806,9866.389871,1849.062773,20071.63969
3/23/19,5911.550539,8623.772376,22842.47272,10464.10408,2086.17232,23560.77272
3/24/19,5999.326472,8790.177953,23083.26298,9839.904798,2429.19144,25686.70986
3/25/19,6039.795051,8864.308763,22709.44083,8557.53064,1410.632542,16191.22021
3/26/19,5857.392816,8519.536088,22608.18847,9543.424462,1188.110406,15956.08319
3/27/19,5899.712007,8601.738704,23152.85112,9722.241893,1291.499511,16983.04169
3/28/19,5769.470151,8356.87912,22677.43115,9213.678464,1833.905383,17996.21812
3/29/19,5619.316901,8072.951582,22557.47856,9702.906536,1905.110861,19080.23871
3/30/19,5838.049155,8483.853261,22749.93173,10104.21799,2376.991845,22897.07197
3/31/19,5733.51325,8285.846909,22743.69818,9839.315135,2528.783041,28261.94305
4/1/19,5608.171093,8049.083782,22496.89488,8893.184805,1648.852168,11909.88838
4/2/19,5577.821551,7991.368829,22509.93556,8901.301561,1622.468815,13017.86234
4/3/19,5620.258035,8072.268423,23057.96936,9743.267814,2531.888196,26324.80471
4/4/19,5646.833963,8121.559233,23143.26634,10076.13826,2914.498875,26778.51338
4/5/19,5641.865909,8113.528261,23146.13442,10690.91865,2831.366603,29715.84314
4/6/19,5607.520363,8048.225052,22712.87809,9732.311808,2357.960012,19964.68582
4/7/19,5631.094607,8092.311596,22859.81597,9793.053696,2626.765107,23076.79023
4/8/19,5535.499371,7911.090156,23013.22004,9867.303239,2230.321788,18683.37967
4/9/19,5601.503326,8037.110241,22628.59265,9413.670061,1918.638925,18604.27963
4/10/19,5677.510064,8179.841563,23034.67077,9538.843331,2253.778979,20546.11989
4/11/19,5723.57084,8267.290229,22868.34341,9688.935726,2763.155302,21027.64438
4/12/19,5648.850091,8126.684985,22854.4957,10149.35331,2896.560564,20415.60118
4/13/19,5668.448488,8163.939128,23044.89181,9879.445002,2396.807662,18758.98098
4/14/19,5689.655137,8203.628001,23081.09067,9996.655551,2558.567563,25868.36715
4/15/19,5522.457871,7888.188185,22367.77084,9658.453426,2116.107011,17359.35407
4/16/19,5549.526472,7940.015895,22550.93159,10079.98137,2140.454615,18214.46767
4/17/19,5794.72434,8401.842583,22601.74487,10000.88364,1863.735199,17444.08954
4/18/19,5805.137062,8421.829304,22423.55775,9417.548388,2837.218696,23359.52028
4/19/19,5746.181292,8311.377447,22345.80213,9284.183846,2465.070809,20611.15777
4/20/19,5720.912679,8262.93448,22274.99871,8909.725336,2357.861431,19791.08194
4/21/19,5798.288413,8407.827814,22515.92937,9352.06755,2610.473196,20142.48865
4/22/19,5577.757381,7992.171888,22145.73027,9323.372312,1451.067257,12451.08741
4/23/19,5602.958024,8040.328372,22188.94485,9480.213511,1642.547083,14140.48445
4/24/19,5769.439648,8354.197929,22371.16554,9820.218711,2242.221217,18181.40815
4/25/19,5779.337684,8372.830673,22549.2344,10087.63244,2480.372128,21403.41579
4/26/19,5690.12449,8204.341124,22708.08066,9857.607885,2879.552923,14374.93725
4/27/19,5608.241057,8050.046779,22643.40009,8983.375529,2666.724046,11618.75721
4/28/19,5589.933684,8015.61752,22620.95941,8622.662808,2062.761844,15801.62192
4/29/19,5514.554913,7872.665721,22273.95504,8681.573925,2124.302895,15463.61795
4/30/19,5645.491337,8119.877816,22257.02833,8595.794852,1899.047198,10761.45891
5/1/19,5731.689341,8282.486371,23284.97981,10006.29442,2433.010367,28117.61786
5/2/19,5761.839632,8339.033236,23233.77083,9866.251933,2719.609777,26986.78489
5/3/19,5715.439101,8251.995485,22867.17097,10335.11573,2700.933389,28380.78797
5/4/19,5737.074887,8292.922065,23083.25585,10775.0921,2740.973509,28074.05974
5/5/19,5790.796213,8393.715565,23080.34688,10454.6577,2482.990279,28649.90721
5/6/19,5656.044083,8139.388321,21894.15322,8360.001516,1159.882622,15966.92731
5/7/19,5787.743739,8387.540815,22140.42928,9120.501841,1698.375771,21488.65462
5/8/19,5811.468557,8433.087074,22442.87823,9101.467841,1476.370898,14486.40218
5/9/19,5714.917432,8251.965751,22426.63103,8847.406204,1982.127665,15308.32041
5/10/19,5664.611967,8157.103373,22557.09589,9792.231951,1894.1733,13976.14518
5/11/19,5712.323249,8247.435519,22192.7373,9093.241768,1958.816218,13620.17318
5/12/19,5603.5665,8040.840615,22058.89686,8959.351552,1803.569669,9962.324659
5/13/19,5528.935594,7900.312063,22159.33983,9172.663702,1466.59374,7361.149465
5/14/19,5666.639636,8160.787401,22475.87802,9098.429647,1397.811345,9959.545358
5/15/19,5690.372493,8206.042078,22385.71123,9496.57231,1900.278832,20017.32368
5/16/19,5729.020217,8277.658647,22562.21682,9257.18184,2074.453522,24766.15465
5/17/19,5647.600062,8124.643255,22614.45511,9763.941659,1939.382408,22182.00098
5/18/19,5758.909072,8334.616396,22666.70061,9875.97469,2094.369768,19127.23875
5/19/19,5735.197963,8289.297413,22072.42848,9292.547983,2231.095072,25202.85702
5/20/19,5746.760004,8310.647789,22029.51306,8444.787744,1596.29774,12346.79561
5/21/19,5786.8765,8386.810544,22291.13609,8747.387757,1623.45658,11069.12944
5/22/19,5658.536061,8143.694876,22589.77689,8612.409732,2402.926433,7813.28883
5/23/19,5728.220075,8275.175028,22411.62552,9241.920054,2059.569309,9104.190487
5/24/19,5751.237704,8319.036716,22660.39768,8195.945582,2087.23455,16105.24934
5/25/19,5738.843475,8295.68275,22741.36498,8516.668548,2002.00869,14742.17329
5/26/19,5695.609779,8214.61247,22473.15574,9721.099426,2064.661384,13228.80012
5/27/19,5711.068323,8244.275248,22364.20792,8687.431301,1651.683168,5186.318073
5/28/19,5648.976107,8127.386073,22385.21726,8903.465725,1780.661162,6197.280186
5/29/19,5739.145012,8297.288378,22259.35551,9195.270565,2456.862758,19943.49295
5/30/19,5737.71069,8293.776017,22219.18478,9291.723589,2850.130861,25126.56268
5/31/19,5714.085779,8249.051987,22258.45721,9685.250815,3002.50325,28189.81086
6/1/19,5824.591268,8457.466443,22552.6896,10223.28545,2377.132444,29464.12634
6/2/19,5823.234779,8454.501938,22427.63878,9745.15297,2685.062879,24897.72851
6/3/19,5807.047574,8424.483855,22720.60428,9138.27166,2580.173804,27200.2997
6/4/19,5802.19,8415.790913,22744.68659,9615.00413,2843.967965,28858.89335
6/5/19,5732.95195,8285.401023,23525.41427,10209.59274,3280.624994,32385.31007
6/6/19,5707.492264,8237.566115,23179.75659,10111.97397,3477.846805,28293.23959
6/7/19,5732.267988,8284.26342,23260.74721,10230.67721,3315.530491,27532.28572
6/8/19,5756.71354,8330.281011,23446.08476,10879.20969,3037.067113,30710.24068
6/9/19,5751.055888,8319.512059,23367.49835,10309.18485,3050.993904,31368.84618
6/10/19,5755.178175,8327.394041,23166.5692,9707.710335,2701.095696,24721.94272
6/11/19,5739.304446,8297.477193,23117.66607,9937.601494,3037.450779,26633.2743
6/12/19,5776.538411,8367.546315,23389.62038,10503.68908,3378.371674,26903.57632
6/13/19,5772.723152,8360.363095,23461.78062,10412.67277,3318.802522,27929.34883
6/14/19,5687.368551,8198.72308,23511.66651,10668.59484,3331.229233,25074.1777
6/15/19,5645.778346,8120.28106,23506.40956,10247.50837,3251.672182,26389.15917
6/16/19,5736.973113,8292.381833,23538.99718,10308.16792,3289.537818,27974.71234
6/17/19,5633.535446,8097.309731,23346.8148,10038.36326,3370.16713,24382.87361
6/18/19,5698.822077,8220.121654,23162.7076,9968.302973,3251.747219,24027.62165
6/19/19,5741.27067,8300.244248,23279.07036,10417.00551,3316.342083,27903.52286
6/20/19,5767.472807,8349.898126,23084.9746,10582.5311,3413.114592,28985.32794
6/21/19,5776.189056,8366.433822,23132.58133,10531.0713,3234.74034,30305.63593
6/22/19,5740.342993,8299.188711,23319.95853,10597.04194,3016.221406,29670.47323
6/23/19,5816.618492,8442.648757,23261.67387,10246.76446,3087.046047,31196.7728
6/24/19,5859.886718,8524.748729,22963.61506,8737.04453,2972.461103,26933.33317
6/25/19,5906.891348,8613.227485,22769.34794,9400.246843,3100.618751,25343.97316
6/26/19,5815.67264,8441.319951,23382.19965,10090.64674,3186.222989,28422.5199
6/27/19,5880.989579,8564.567225,23133.09096,9810.911282,3239.206757,25650.69339
6/28/19,5738.512506,8295.929501,23236.89895,9438.223579,3110.152965,23897.51068
6/29/19,5738.494428,8296.553974,23424.77447,10006.90358,2795.320061,22075.3272
6/30/19,5800.634966,8412.718987,23227.80391,10434.9706,2963.357751,29174.43564
7/1/19,5747.827072,8313.422866,23104.79758,9416.458793,2726.370519,24584.44375
7/2/19,5877.135387,8557.837576,22975.86286,9408.468166,2372.744203,24662.55067
7/3/19,5785.926587,8385.437275,23350.62347,9880.085688,2305.706056,18853.96937
7/4/19,5797.537143,8407.255614,23314.55869,10236.36185,2257.452475,23444.7335
7/5/19,5718.612726,8258.265714,23321.91043,10061.80108,2031.464383,20134.923
7/6/19,5565.898193,7970.237845,22280.00961,8683.820067,2119.153591,7439.633306
7/7/19,5670.314091,8166.565812,22545.24372,9930.900098,2334.39692,18661.59061
7/8/19,5620.549381,8072.649069,22369.1198,9413.836453,2345.007038,10262.49636
7/9/19,5612.90387,8058.154321,22855.7119,9493.389937,2046.43323,14996.52974
7/10/19,5751.495355,8319.913267,23123.34286,10296.13796,2269.144711,21484.53089
7/11/19,5761.316306,8338.16829,22773.48349,9933.430731,2440.284539,20935.91225
7/12/19,5711.189458,8243.893301,22678.90588,9954.202924,2386.016313,19582.63197
7/13/19,5652.674341,8133.418232,22477.66731,9582.398203,2678.454494,13448.62077
7/14/19,5617.251957,8066.819381,22590.23981,9805.519164,2736.950297,20444.39212
7/15/19,5604.927098,8043.70027,22089.28575,9235.60818,2357.178367,11842.0852
7/16/19,5588.745424,8013.431891,22601.30854,9426.258127,2145.330117,11723.72603
7/17/19,5725.871232,8271.935967,23238.08487,9431.742791,2610.562316,24260.0538
7/18/19,5824.327136,8457.391848,23164.29449,9277.960358,2595.645423,30919.1292
7/19/19,5700.254954,8223.810366,22906.3369,9500.977635,2694.670389,30205.52828
7/20/19,5726.348998,8272.88592,22988.24673,9272.211648,2441.91846,32714.19748
7/21/19,5743.251138,8304.503262,23290.01708,9547.461447,2586.448004,29055.49948
7/22/19,5680.716482,8186.363014,22376.8469,8277.409523,2623.435386,13512.2394
7/23/19,5681.116952,8187.487175,22566.07145,8759.573902,2384.843391,17442.33097
7/24/19,5732.148559,8283.843288,23484.49542,9120.487583,2827.125024,28437.04621
7/25/19,5809.528028,8429.631271,23482.03734,9543.559038,2855.302186,29104.68183
7/26/19,5738.736828,8296.190951,23488.37236,10587.75981,3108.960536,30240.67407
7/27/19,5681.322124,8187.927456,23292.78435,9533.846325,2656.332893,25549.47978
7/28/19,5662.421259,8152.336464,23009.38259,9687.082049,2943.007014,21881.46116
7/29/19,5611.326364,8055.799513,22538.31653,8607.916483,2785.524035,16410.63134
7/30/19,5672.731541,8171.242723,22778.44799,7752.258249,2902.112401,15264.39407
7/31/19,5683.826243,8192.637531,22537.92262,9835.73849,2734.799357,16081.28458
8/1/19,5665.097546,8156.966861,22877.57126,9376.874165,2275.040099,18321.2967
8/2/19,5616.387235,8065.199927,22756.11788,9207.194167,2312.671803,18631.00269
8/3/19,5686.1994,8196.771608,22973.12491,9972.989764,2826.809653,18699.84661
8/4/19,5719.716989,8259.875048,23053.8396,10061.83622,2914.531228,24127.0891
8/5/19,5624.78538,8080.447116,22678.2127,9648.952412,2560.627915,15242.98723
8/6/19,5618.732878,8069.67527,22545.83718,9251.600488,2066.194169,17217.81239
8/7/19,5732.209289,8283.709042,22915.98814,9903.993308,2967.484818,22152.50422
8/8/19,5776.012405,8365.990754,23121.32614,10665.08241,2838.37812,24602.12068
8/9/19,5741.904622,8301.898656,22790.87176,10370.19803,2998.007961,20731.57761
8/10/19,5788.588646,8390.019167,23358.84904,9728.850532,2791.988491,24893.11981
8/11/19,5760.17964,8336.394456,23299.68238,10216.3903,3183.323749,25035.35472
8/12/19,5709.213554,8240.516442,22552.47801,8996.418156,3260.96095,19668.34855
8/13/19,5696.65864,8217.130783,22690.43551,9091.709338,2648.678672,16120.01173
8/14/19,5696.454361,8216.593522,23194.80044,10210.98532,3238.326436,17140.33788
8/15/19,5685.681954,8196.422886,22958.2682,9930.819823,3118.099774,20804.21836
8/16/19,5753.978846,8324.794396,23017.21291,10455.39791,3057.496422,16914.88599
8/17/19,5721.394214,8263.446294,23305.76795,9973.808232,2919.454661,16618.16741
8/18/19,5744.036111,8306.076982,23025.85582,10076.9811,2997.743321,24513.99692
8/19/19,5549.133397,7938.705459,22307.86902,9103.633076,2944.223313,18199.4564
8/20/19,5614.321885,8061.341723,22813.17144,9002.694232,2873.785818,15421.62314
8/21/19,5709.352035,8240.658099,23103.60989,9473.031138,2965.270097,16094.21397
8/22/19,5664.137531,8155.3089,23076.30082,9260.688696,2565.783799,15689.43655
8/23/19,5660.165712,8147.835139,22973.19894,9279.78512,2560.79479,9765.279985
8/24/19,5616.263047,8065.164651,23239.85413,9048.661647,2220.648579,15380.99877
8/25/19,5726.797821,8273.573565,23031.10415,9441.214679,2490.789299,25033.98307
8/26/19,5628.960714,8089.275375,22888.65601,8726.693821,2325.125905,16291.54033
8/27/19,5665.253488,8157.45874,22737.20495,8924.57129,1920.828307,19258.54571
8/28/19,5636.067339,8102.159717,23253.75168,9290.247919,2364.596141,24346.54423
8/29/19,5735.891719,8290.383633,23310.57736,9880.974091,2429.694294,27290.32009
8/30/19,5674.5663,8175.027895,23416.94143,10278.02828,2599.419981,24165.13103
8/31/19,5727.782898,8275.366966,23555.60699,10477.95876,2295.136691,25564.30058
9/1/19,5719.898691,8260.505736,23357.47775,10242.30185,2379.858025,25903.23285
9/2/19,5649.499985,8127.787158,23088.39738,9840.242793,2538.017326,20585.48905
9/3/19,5661.835937,8151.194727,22945.59325,9019.208778,2295.811762,19957.65554
9/4/19,5688.551508,8201.367096,22912.19771,8571.268612,2264.831616,21003.9359
9/5/19,5739.387201,8297.229523,23420.67149,9838.075876,2135.948424,28771.86994
9/6/19,5637.974132,8105.82433,22817.64715,8788.195127,1900.105323,18106.18617
9/7/19,5737.257336,8293.103989,23076.26982,9223.707537,2188.673315,12692.72334
9/8/19,5752.548568,8322.08292,23295.59084,9595.841763,2589.587959,19019.27255
9/9/19,5641.17709,8112.079846,22917.06077,7827.073415,2124.897954,12716.85997
9/10/19,5711.942092,8245.41178,22858.62882,8248.976839,1964.557006,7640.933759
9/11/19,5773.505753,8361.6106,23369.08406,10210.33211,2667.089061,19466.37268
9/12/19,5759.195797,8334.646957,23210.82836,10397.13324,2480.129537,23454.08774
9/13/19,5719.39557,8259.683018,23234.34755,10028.58713,2410.458013,19990.94793
9/14/19,5714.406953,8250.200644,23361.62484,10283.37417,2340.554134,26410.76617
9/15/19,5724.254347,8268.685546,22943.31659,10284.17356,2565.045667,21565.05939
9/16/19,5704.885445,8232.031485,22915.63855,9217.519605,2090.11151,11262.09079
9/17/19,5765.585585,8346.697006,23001.29215,8916.823231,1963.324367,12916.71075
9/18/19,5762.177796,8340.189978,23392.91071,9930.756864,2610.77405,25848.29984
9/19/19,5732.261231,8283.665405,23035.70109,9358.196599,2805.407533,28060.25207
9/20/19,5759.093211,8334.448772,23297.21032,9863.82469,2666.493825,24695.18845
9/21/19,5782.029158,8377.666971,23360.83962,9904.217405,2424.172525,23905.66292
9/22/19,5760.375359,8336.965799,23230.62257,10249.54163,2853.64067,23177.32282
9/23/19,5663.216042,8153.633271,22522.41446,8698.738163,2578.438229,18459.68876
9/24/19,5785.677106,8384.502205,22828.53677,8421.860823,2534.749319,19250.75159
9/25/19,5862.015202,8528.385201,23295.26676,9926.039223,2798.275958,20359.55301
9/26/19,5807.537116,8425.770464,23075.13863,9933.606579,3148.924477,16678.71324
9/27/19,5813.990721,8437.929374,23066.39604,9986.036321,2702.366914,14616.93009
9/28/19,5735.001204,8289.096656,22716.39641,9836.706412,2557.623081,15593.87638
9/29/19,5732.424288,8284.269055,22632.51137,9952.176888,3003.320388,16779.38567
9/30/19,5753.610943,8324.233617,22273.44555,8714.356205,2618.342849,10484.29546
10/1/19,5767.859714,8351.046447,22253.43323,9002.53985,2555.28319,10569.26821
10/2/19,5815.724453,8441.30415,22867.89892,9919.780558,2944.248108,28804.93186
10/3/19,5772.353185,8359.503355,22660.98378,9982.65738,3016.926968,25263.74795
10/4/19,5778.310134,8370.794501,22947.04316,10128.90911,3062.907375,19039.29664
10/5/19,5713.968266,8249.409712,22979.92821,9594.134388,2934.926117,20488.40878
10/6/19,5654.367979,8136.977782,22200.11375,8956.547396,2877.744324,11660.26306
10/7/19,5675.857414,8177.660121,22461.22049,8594.531091,2223.107169,8690.17228
10/8/19,5711.998485,8245.73138,22615.81608,8516.972332,2146.634449,12541.1306
10/9/19,5670.409644,8167.276699,22692.04187,9023.141091,2618.55692,8010.04541
10/10/19,5784.441687,8382.106471,22886.19851,9033.860938,2904.168403,12455.39241
10/11/19,5598.540769,8031.72503,22810.78144,8708.594571,3091.914072,8469.72562
10/12/19,5615.828063,8064.180999,22938.28064,9056.21858,2723.114801,8483.017128
10/13/19,5630.128102,8091.152282,23003.78604,9445.28701,2365.934457,12633.19124
10/14/19,5598.862935,8032.210341,22807.97413,8925.047623,1958.597524,10512.12928
10/15/19,5571.369083,7980.505501,22687.07137,9008.675392,1952.763892,7394.407446
10/16/19,5570.296436,7978.492257,22699.00206,8802.00501,2097.415859,9446.301386
10/17/19,5701.441695,8225.503511,23048.67929,9887.756434,2272.38326,13546.82821
10/18/19,5644.176818,8117.635299,22881.23705,9563.901655,2619.789206,17400.94275
10/19/19,5597.965753,8030.331413,22200.93904,9374.626048,2480.468343,14193.38139
10/20/19,5658.27063,8144.233117,22232.97927,9590.000695,2512.534222,16239.71313
10/21/19,5730.080301,8279.721368,22551.06743,8884.710638,2077.203504,9727.312478
10/22/19,5649.008843,8126.970167,22486.12596,8774.748415,2118.531508,7902.445731
10/23/19,5727.335862,8274.690774,22751.34317,9216.750984,2052.867944,13319.07438
10/24/19,5849.095974,8504.243151,22907.38848,9815.875546,2140.055018,18653.8733
10/25/19,5796.030413,8404.155148,22793.13774,9502.942562,2332.141024,15581.84158
10/26/19,5679.820218,8185.089021,23055.53815,9426.391988,2329.27517,18414.61615
10/27/19,5634.810285,8100.016461,23002.11246,9440.01997,2555.958737,14500.85266
10/28/19,5606.533556,8046.840728,22363.05654,8636.446885,2168.51316,6615.042808
10/29/19,5616.529996,8065.635217,22604.68927,9143.304305,2056.035058,8431.07389
10/30/19,5741.177829,8300.631982,22790.15675,9378.876371,2252.911171,10982.70903
10/31/19,5772.215321,8359.157848,22906.6933,9270.616406,2302.43196,16437.02209
11/1/19,5745.248775,8308.308644,22743.74972,8408.804767,2177.038621,15896.91261
11/2/19,5802.635298,8416.447569,22790.63254,9142.887391,2434.244393,19599.86235
11/3/19,5826.863756,8462.188277,22922.3789,9331.284345,2351.107622,23083.12188
11/4/19,5883.763141,8569.40138,22455.64247,8575.406466,2121.729643,15655.76794
11/5/19,5884.534422,8570.900873,22647.3644,8865.683099,2053.554963,15717.83436
11/6/19,5779.522164,8372.767959,22581.19673,8442.042848,1817.22176,11505.99225
11/7/19,5824.110302,8456.867173,22811.03652,9455.98269,2339.711984,13897.83199
11/8/19,5769.483648,8353.983698,23153.63558,10020.19559,1868.650367,20133.74942
11/9/19,5730.874581,8281.168895,23209.53396,9386.960176,1790.42141,18012.96875
11/10/19,5814.047244,8438.021974,23007.28485,9108.727021,2170.996395,17021.11503
11/11/19,5864.415289,8532.953374,22630.96132,8331.222935,1760.307978,9708.614417
11/12/19,5836.160764,8479.634668,22626.42374,9018.470039,1627.287143,10424.55169
11/13/19,5868.903417,8541.449845,22197.79547,9699.402181,1681.905403,9874.466579
11/14/19,5904.525954,8608.637509,22805.47297,9738.243364,2156.656088,15207.92527
11/15/19,5851.106637,8507.93468,22487.66774,8668.840356,2282.001441,14938.75121
11/16/19,5807.267332,8425.289333,22966.69793,9622.91049,2119.201508,12913.25923
11/17/19,5789.933408,8392.546636,22851.57275,9322.409056,2304.568654,11417.45395
11/18/19,5900.264114,8600.594364,22460.16842,8618.836849,2311.250961,12495.01125
11/19/19,5846.211315,8498.720677,22154.12986,8438.168304,1609.890618,14589.01964
11/20/19,5792.398919,8397.22909,23244.09273,9200.490228,1790.44615,17689.07335
11/21/19,5997.536119,8783.948359,23154.71406,9576.976792,2275.26491,15235.86332
11/22/19,5793.172716,8398.661337,23211.34516,8971.529543,2369.832118,10533.35216
11/23/19,5909.939566,8618.919481,23263.57149,9205.697839,2526.634004,14786.39242
11/24/19,5953.634964,8701.163315,23261.6125,9644.133945,2744.527252,24989.19896
11/25/19,6077.035903,8933.837715,23113.69613,9477.167732,2508.082187,11346.22926
11/26/19,5917.502907,8633.03415,23213.91871,9675.973983,2303.046498,13509.67056
11/27/19,5826.94906,8462.37109,23092.68327,8887.157487,2013.74762,19453.83742
11/28/19,5776.059687,8366.406385,23044.8535,8154.001082,1942.165885,14121.44288
11/29/19,5684.791553,8194.357562,23027.74814,9141.030268,2051.606486,16985.15857
11/30/19,5719.726247,8260.158637,22721.13075,8921.1611,1768.534869,11387.61628
12/1/19,5745.901096,8309.622231,22919.33534,9394.725697,2526.890977,17444.43505
12/2/19,5716.489488,8254.114887,22701.29629,9068.306105,2134.740457,10526.91368
12/3/19,5467.678581,7785.059643,22272.6709,8841.55942,2072.958799,6772.055305
12/4/19,5454.461705,7760.061022,22902.53077,9454.048781,1904.085579,5587.612157
12/5/19,5557.488126,7954.405503,22959.80752,9118.155199,1952.733469,6096.548333
12/6/19,5479.393948,7807.150073,22067.14856,8413.123471,1915.678568,6465.610368
12/7/19,5405.213385,7667.280795,22441.52875,9320.973228,2017.51549,4900.528632
12/8/19,5451.638409,7754.790934,22223.04531,9511.709123,2157.848109,4897.655701
12/9/19,5400.046753,7657.507452,22189.11295,9406.98535,2170.145464,3126.419139
12/10/19,5402.310226,7661.821617,22287.59274,9309.303911,1994.59464,5669.213008
12/11/19,5507.846402,7860.755499,22766.56156,8958.128999,2152.484312,3149.556239
12/12/19,5471.599472,7792.43866,22546.9552,8307.567823,2015.712382,5963.418778
12/13/19,5457.440991,7765.70387,22386.99993,8345.7969,2103.599839,3093.480461
12/14/19,5442.876373,7738.247583,22586.58119,8321.521696,2095.484428,4488.078133
12/15/19,5452.9505,7757.226614,22162.71602,8992.179002,2101.277552,2842.336651
12/16/19,5423.616644,7701.947296,22271.89334,8899.09438,2147.930407,3597.739921
12/17/19,5447.467249,7746.885619,22292.57724,8794.211161,2039.538591,3078.070666
12/18/19,5419.192031,7693.643789,22428.89183,9293.036735,2011.22427,6690.127947
12/19/19,5386.724863,7632.419951,22129.7976,8922.719988,1910.138856,6183.640565
12/20/19,5421.471016,7697.932813,22245.55146,9226.570449,1930.289388,4995.902749
12/21/19,5423.461684,7701.693609,22272.68912,9000.918129,1991.518031,4089.498529
12/22/19,5438.763815,7730.53837,22145.39632,9008.255588,2138.560485,3172.872597
12/23/19,5398.32785,7654.301218,22211.10972,8610.743041,1983.856388,3882.526638
12/24/19,5396.762453,7651.341368,22495.87556,8638.125008,1945.310135,2892.364067
12/25/19,5602.494543,8039.185701,22838.37687,9761.201723,2163.852926,8832.006256
12/26/19,5505.146162,7855.610188,22657.66222,9523.726145,2082.741368,7737.762747
12/27/19,5463.351373,7776.902309,22197.69731,9047.068822,1991.776092,8399.961405
12/28/19,5468.420893,7786.437245,22392.93331,8992.746348,2218.954941,8889.592924
12/29/19,5495.771569,7838.041799,22448.35621,9378.897469,2248.40623,11156.97031
12/30/19,5485.489679,7818.65173,22111.60263,8944.418431,1850.376892,7385.384521
12/31/19,5458.384992,7767.509949,22315.55802,9033.045811,2024.873724,6724.939231
1/1/20,5501.403899,7848.684481,23065.26359,10036.5878,2005.013089,5837.77805
1/2/20,5509.061892,7863.135975,22958.5128,9151.288765,2285.242002,9308.838426
1/3/20,5437.160021,7727.507905,22386.67784,8484.490726,1792.182867,10343.51383
1/4/20,5610.628751,8054.535304,22888.99311,9425.957621,1976.327554,11072.62217
1/5/20,5395.217391,7648.445579,22931.56911,9130.397095,1941.023969,6126.407612
1/6/20,5469.22659,7787.927842,22065.40599,8382.924319,1847.21198,3775.903275
1/7/20,5418.286151,7691.934047,22560.65655,8464.717934,1855.230998,3351.602534
1/8/20,5394.458455,7646.993795,22483.79562,8262.337266,1975.953459,6554.266306
1/9/20,5414.612005,7685.000364,22511.68453,8612.249519,1923.283363,5893.343262
1/10/20,5460.945138,7772.349202,22290.70678,8486.039779,1802.744973,4418.437958
1/11/20,5462.299183,7774.918501,22218.36458,8475.976085,1927.858855,5022.83788
1/12/20,5442.374308,7737.308226,21930.02169,8847.050179,1873.024184,4206.269982
1/13/20,5393.909028,7645.955284,22175.92365,8563.037076,1810.578738,4015.054398
1/14/20,5433.483268,7720.576948,22374.94621,8590.141064,1773.433725,3989.528523
1/15/20,5433.801031,7721.171655,22293.36973,8528.810479,1881.427031,7327.302493
1/16/20,5430.615769,7715.178095,22548.22257,8730.781955,1910.308994,8322.189795
1/17/20,5479.211637,7806.781125,22585.92131,8551.222381,1945.326176,5923.524246
1/18/20,5452.933722,7757.252168,22436.35005,8686.723243,1999.636229,6830.56067
1/19/20,5451.033661,7753.635234,21943.56252,8652.817535,1778.41746,6114.626993
1/20/20,5426.261355,7706.944436,22015.12063,8300.696379,1843.856431,5232.357798
1/21/20,5464.442699,7778.929754,22281.90553,8303.389159,1751.316637,4407.175107
1/22/20,5451.948515,7755.376486,21912.78478,8172.133535,1982.081365,4083.775874
1/23/20,5486.390686,7820.317254,22052.14126,8331.356166,1877.407789,4845.421169
1/24/20,5441.48191,7735.644799,22140.97031,8335.089662,1765.711699,6019.065616
1/25/20,5507.948416,7860.941504,22139.08672,8366.601791,1899.536676,7109.953637
1/26/20,5450.795184,7753.251771,21876.82513,8515.077509,1664.97106,4275.102695
1/27/20,5457.356954,7765.576529,21957.62987,8281.564987,1638.363467,4613.182686
1/28/20,5444.699007,7741.711148,22077.01326,8334.757887,1826.776853,3489.728108
1/29/20,5600.947305,8036.27114,22475.29697,9275.515001,1992.629443,10776.95753
1/30/20,5619.573058,8071.394536,22213.2354,8289.503877,1920.705911,7810.395892
1/31/20,5552.36698,7944.68643,22161.47424,8638.229995,1980.372815,9077.624276
2/1/20,5608.439196,8050.351589,22166.70883,8845.355286,1961.595616,8608.181702
2/2/20,5650.565055,8129.804758,22107.7664,8086.389472,2130.436919,5161.005868
2/3/20,5560.741196,7960.478037,22342.59987,8378.376811,1771.582605,16721.14919
2/4/20,5680.328065,8185.938136,22539.91739,8428.791023,1470.242639,16644.61578
2/5/20,5793.847306,8399.957132,23362.21091,10163.60811,2462.81044,18715.8734
2/6/20,5687.847633,8200.108689,22505.40159,9501.450794,1894.734987,16591.2861
2/7/20,5781.492708,8376.671699,22659.1375,9330.868429,1961.358762,14193.36779
2/8/20,5780.146517,8374.133512,23125.77408,10033.20365,2344.365258,19018.40907
2/9/20,5751.268337,8319.676682,23102.9685,9626.21504,2526.281223,18008.46889
2/10/20,5665.831485,8158.612481,22810.62112,8890.522664,1638.250423,10840.47892
2/11/20,5556.527161,7952.54014,22674.24586,8595.043379,1734.994875,12089.52941
2/12/20,5717.287357,8255.636795,22696.86455,9506.513616,1924.891103,15995.02861
2/13/20,5696.851029,8217.108889,22778.65959,9427.685674,2272.661643,19092.8324
2/14/20,5689.131974,8202.548182,22803.01416,9612.018998,2024.250839,16166.60263
2/15/20,5606.900696,8047.517778,22581.53203,9441.642531,1967.667435,15029.88906
2/16/20,5685.877657,8196.40436,22929.34637,9444.69512,2379.541349,19965.29081
2/17/20,5482.350958,7812.705342,22413.5272,8602.756827,2031.115273,12539.899
2/18/20,5573.181237,7983.94381,22559.67851,8895.383454,1927.188582,13189.53339
2/19/20,5486.866503,7821.212914,22340.37727,8704.522408,1909.645029,12388.30586
2/20/20,5676.391931,8178.545216,22915.37484,8317.843679,2168.770745,15489.59918
2/21/20,5636.616587,8103.539065,23045.53325,8546.271229,1968.834254,19613.45556
2/22/20,5650.880813,8130.424912,22845.3733,8828.023102,2159.845836,17868.37428
2/23/20,5679.185795,8183.767136,22783.78273,8934.435852,2549.671432,21137.31353
2/24/20,5608.187376,8049.932865,22291.87378,8770.65696,1627.388279,15007.44578
2/25/20,5731.981117,8283.330739,22360.54631,8831.598864,1742.247542,14780.18441
2/26/20,5697.728908,8218.731542,22588.0832,9488.829568,2559.159156,19917.91225
2/27/20,5763.03542,8341.884256,23077.90631,8882.409397,2542.687646,20755.99272
2/28/20,5574.72612,7986.857858,22792.18134,8872.945326,2307.359294,11373.24042
2/29/20,5649.224256,8127.283536,22776.90332,9243.706086,2101.922309,18563.06747
3/1/20,5712.287857,8246.207244,22944.96262,9504.169759,2580.348726,19376.67401
3/2/20,5447.318194,7746.635178,22431.43827,8419.895307,1908.89314,16749.58481
3/3/20,5683.335499,8191.614882,22600.44925,8544.333957,1886.654906,13706.74165
3/4/20,5776.180156,8366.656382,22568.01089,9660.356907,1687.606444,17221.70865
3/5/20,5775.159833,8364.738962,22676.16293,9521.430872,2172.636148,17515.85961
3/6/20,5649.622971,8128.016057,22294.46882,8796.963874,1901.75814,13040.62412
3/7/20,5695.630894,8214.778073,22045.89683,9277.672882,1861.508135,11511.36399
3/8/20,5745.059422,8307.986685,22560.90833,9696.198205,2028.154155,11657.48496
3/9/20,5734.474321,8288.02342,22407.66682,8283.421144,1706.498699,9980.062009
3/10/20,5731.724051,8282.857079,22066.33075,8200.380705,1486.774395,9382.283834
3/11/20,5879.681525,8561.784308,22942.45234,9816.406537,1255.19779,16519.67208
3/12/20,5884.236571,8570.375156,22751.38298,9782.70034,2031.420394,18712.68317
3/13/20,5851.297613,8508.268704,23037.15399,9711.232469,1556.806583,18545.43255
3/14/20,5798.056116,8407.891998,22909.287,10056.25296,1639.236665,20961.78303
3/15/20,5842.364075,8491.403822,22966.25057,9231.17644,1678.67274,19060.88324
3/16/20,5928.621063,8654.048174,22516.047,8471.543651,1624.08406,15099.76621
3/17/20,5931.291389,8659.099683,22985.2227,8542.834372,1481.741071,13603.65603
3/18/20,5933.867283,8663.937267,23166.48015,10092.08984,1678.850001,18519.93148
3/19/20,5991.212518,8772.04306,22760.93063,10241.33166,1680.850704,21385.05944
3/20/20,5858.491638,8521.837139,22850.06924,9670.078025,1455.518666,22526.42943
3/21/20,5978.479264,8748.04334,23082.95234,10399.63781,1871.707347,24757.21256
3/22/20,5811.536677,8433.307367,22904.61744,9935.749708,1797.186828,21454.041
3/23/20,5968.578141,8729.379239,22416.91613,8869.474279,1437.099414,18144.33213
3/24/20,5973.002047,8737.71519,22848.90379,8890.826658,1585.865099,19116.71014
3/25/20,6010.486955,8808.387258,22944.86862,9459.771244,1518.119569,23673.05232
3/26/20,5899.972143,8600.027186,23070.29963,9875.550704,1908.719469,25360.1248
3/27/20,5864.764043,8533.653574,23178.85648,9931.181186,1788.353391,19142.56652
3/28/20,5617.161228,8066.843756,22555.53536,9883.935855,2018.664881,17912.94352
3/29/20,5639.034508,8108.107758,22751.31771,10137.75304,2228.49901,24768.52982
3/30/20,5753.590217,8324.081488,22464.62441,8334.077106,1232.312828,13923.81261
3/31/20,5599.474196,8033.513349,22427.58709,8626.769392,1196.613357,15064.02612
4/1/20,5609.984591,8053.318237,22939.4239,10007.15096,2244.315173,21961.25422
4/2/20,5742.288881,8302.748689,22889.94369,10105.30855,2408.203925,21345.63306
4/3/20,5636.499627,8103.312677,22939.69505,10310.97763,2713.012974,25997.69067
4/4/20,5630.139756,8091.321116,23318.14969,10223.46046,2546.66502,26693.68188
4/5/20,5669.157106,8164.888835,23386.37017,10011.30719,2702.128754,27586.8186
4/6/20,5546.14616,7932.979361,22306.97084,9266.472353,2215.619415,17275.45428
4/7/20,5614.090335,8061.061961,22930.93689,9709.650003,2234.693675,22619.54281
4/8/20,5675.536954,8176.911875,23156.86119,10048.98821,2294.82257,21084.98057
4/9/20,5726.215357,8272.452712,22977.34218,9696.330932,2319.650069,23069.97522
4/10/20,5692.534485,8208.954158,22948.2658,9884.747178,2707.114555,22242.29412
4/11/20,5734.235966,8287.581302,23054.10508,10106.0533,2589.404935,19607.38399
4/12/20,5653.950699,8136.215695,22936.61037,10202.25201,2957.671609,26420.46291
4/13/20,5480.701719,7809.579047,22409.6993,9895.685322,1911.398329,17071.83607
4/14/20,5562.89166,7964.539043,22620.65603,9710.280392,1977.016341,19484.70863
4/15/20,5667.226274,8161.239594,22372.84124,9961.090592,1994.393129,20200.15695
4/16/20,5757.08708,8330.665561,22626.64878,9727.272185,2411.815495,18610.41922
4/17/20,5732.671186,8284.623595,22342.89217,9046.731835,2452.730961,19392.77483
4/18/20,5754.983479,8326.675345,22572.91656,9644.747817,2762.986959,23882.7891
4/19/20,5760.533737,8337.154859,22125.25326,9279.98173,2591.599646,21517.55039
4/20/20,5650.928386,8130.512644,22086.57362,9412.878828,1331.190494,15899.94139
4/21/20,5711.782203,8245.24143,22441.02981,9870.640572,1678.553117,12532.65866
4/22/20,5660.430201,8148.428132,22314.37775,10069.50949,2258.82994,9190.309604
4/23/20,5734.486828,8288.051592,22218.84025,9561.130533,2322.08241,15318.38858
4/24/20,5777.061834,8368.324908,22484.25567,9619.514569,2756.567307,20351.76049
4/25/20,5722.892319,8266.195772,22759.79545,9470.610914,2414.975569,18536.73733
4/26/20,5665.135358,8157.302263,22684.75842,9461.872638,2425.345271,18890.51041
4/27/20,5626.872852,8085.165856,22228.21325,8560.745922,1874.955072,9041.053221
4/28/20,5523.78981,7890.817089,22352.82327,8601.534379,1893.849338,11694.74984
4/29/20,5661.809527,8151.033901,23130.02738,10278.38797,2305.419938,22997.43171
4/30/20,5791.699673,8395.912042,23212.19339,10095.25864,2729.348004,25269.7619
5/1/20,5723.588381,8267.50149,23259.98531,10501.2146,2820.560247,25833.0501
5/2/20,5694.732242,8213.093716,23382.59526,10091.05291,2575.093283,29576.35793
5/3/20,5738.338324,8295.312409,22759.5583,10082.42307,2670.471091,29381.44354
5/4/20,5708.682594,8239.40251,22149.68413,9456.359814,1238.763908,22513.4004
5/5/20,5799.294264,8410.224773,22292.8256,10003.96418,1719.846511,23771.67869
5/6/20,5781.930957,8377.497326,22041.19876,8448.877896,1380.312379,12613.96221
5/7/20,5758.169172,8332.70164,22199.64405,8596.348707,1937.49725,16389.69335
5/8/20,5703.532562,8229.680337,22540.73898,8898.01027,1775.459332,17489.69673
5/9/20,5696.148454,8215.751727,22592.76689,8996.281415,2206.891525,16144.24178
5/10/20,5719.209353,8259.251096,22289.77116,9070.97372,1925.168086,16687.06775
5/11/20,5582.636351,8001.767096,22265.99339,8264.954227,1722.192057,7115.590665
5/12/20,5492.95062,7832.684025,22213.09769,8825.037676,1302.476602,6522.50241
5/13/20,5728.996406,8277.697598,22529.78956,10179.53153,1740.420346,18896.15784
5/14/20,5724.964053,8270.093265,22713.07771,9635.816418,1834.098358,24468.40774
5/15/20,5651.235585,8131.093909,22316.2403,9838.986302,1862.216361,21177.15045
5/16/20,5631.393123,8093.686856,22612.92557,9908.090352,2101.499508,22526.68071
5/17/20,5665.034867,8157.109712,22437.91632,8903.571322,2173.266619,23216.4499
5/18/20,5730.037925,8279.670382,22236.18636,8404.778079,1911.486416,11445.38461
5/19/20,5691.583094,8207.165074,22113.81629,8790.792965,1704.632843,15835.88563
5/20/20,5752.568725,8322.142755,22437.68603,9009.122536,2154.381419,14287.29944
5/21/20,5802.111972,8415.548021,22583.42811,8541.934957,1833.268877,14058.82938
5/22/20,5676.46455,8178.657047,22597.12025,8320.622618,1952.449499,7790.623883
5/23/20,5733.984763,8287.102865,22673.18746,8898.580663,1842.605712,12603.1363
5/24/20,5853.822149,8513.040329,22568.7196,9278.187356,1935.514,17686.00196
5/25/20,5740.141085,8298.714838,22433.96166,8391.977138,1783.912693,6874.226024
5/26/20,5739.786695,8298.039196,22556.19567,8662.074488,1567.670793,9237.171194
5/27/20,5780.945376,8375.641548,22148.23645,8788.307974,1995.066011,13244.62905
5/28/20,5768.711377,8352.578337,22337.77165,9251.851841,2226.761689,20590.17297
5/29/20,5741.985443,8302.18589,22488.72472,9841.290148,2357.152743,24640.30746
5/30/20,5796.61364,8405.177061,22441.43143,10080.71746,2273.752351,27090.67937
5/31/20,5780.135358,8374.11471,22290.70054,10006.12832,2917.285342,26624.71072
6/1/20,5782.585358,8378.731449,22295.60661,9076.03608,1884.548553,16591.50437
6/2/20,5795.424674,8402.938357,22172.26698,8825.206211,1527.767316,15177.94255
6/3/20,5791.632008,8395.784931,23500.71361,10343.03983,3335.564063,30801.17736
6/4/20,5807.287213,8425.301459,23420.05729,10698.08354,3337.103945,32561.47598
6/5/20,5732.447238,8284.205422,23378.92257,10705.32979,3281.68127,32713.28839
6/6/20,5665.350796,8157.705492,23269.06863,10135.06304,3261.130816,27322.765
6/7/20,5734.398811,8287.882008,23414.17398,10453.3575,3077.729221,27168.31734
6/8/20,5731.237498,8281.922744,23158.1186,9915.799093,2611.222964,27886.76543
6/9/20,5690.443456,8205.013519,22926.6637,9534.149857,2982.974544,24163.95064
6/10/20,5802.560778,8416.385162,23531.08099,10255.32546,3561.609167,25566.62934
6/11/20,5813.550295,8437.105645,23466.72946,10407.36631,3434.633345,26860.07422
6/12/20,5769.321566,8353.723106,23426.43008,10571.89851,3317.045034,26535.32255
6/13/20,5708.568655,8239.18733,23556.97865,9988.678499,3121.537755,27033.34398
6/14/20,5692.24214,8208.408231,23449.87419,10031.23174,3261.91348,28893.04042
6/15/20,5599.407936,8033.383481,23309.53269,9413.880961,3126.800538,22953.74875
6/16/20,5671.456182,8169.216779,23151.62725,10046.45631,3404.845669,22843.37137
6/17/20,5734.023127,8287.174275,23218.82653,10584.49889,3329.034793,28621.32034
6/18/20,5813.071116,8436.20726,23068.95176,10483.69955,3354.653915,26746.01484
6/19/20,5710.273475,8242.40027,23225.92345,10760.83948,3257.044802,26834.4003
6/20/20,5731.526399,8282.464384,23378.53821,10906.03377,3233.877419,28485.66037
6/21/20,5814.221458,8438.374983,23233.6865,9897.970423,3120.764117,29252.13603
6/22/20,5745.059828,8307.98151,23026.13851,8960.22327,2854.201867,22335.65399
6/23/20,5848.194334,8502.422373,22854.15047,8747.49451,3108.898223,23974.35959
6/24/20,5855.03197,8515.31186,23243.87668,9746.815206,3155.04333,27756.39677
6/25/20,5886.894975,8575.387224,23079.22972,9848.650219,3270.436005,28107.61782
6/26/20,5789.205933,8391.212624,23425.41446,10328.22613,3291.758684,29481.2599
6/27/20,5788.928158,8390.689112,23295.39276,10212.57485,3107.985495,25542.73759
6/28/20,5737.73853,8294.17744,23329.53559,9743.920604,2920.66835,24167.2149
6/29/20,5734.699066,8288.446064,22974.71221,9626.4338,2567.729367,23297.18487
6/30/20,5849.733646,8505.324103,22953.92117,9297.77581,2820.283536,24296.95856
7/1/20,5790.80833,8394.232677,23423.92098,10027.83784,2602.130216,28098.3156
7/2/20,5827.813896,8463.996683,23289.67031,9864.927944,2606.437533,29358.91624
7/3/20,5759.072226,8334.397817,23196.7183,9718.264757,2163.196709,18870.29386
7/4/20,5733.392635,8285.987126,23187.7583,10169.54592,2145.619117,22236.60428
7/5/20,5649.641544,8128.095169,22915.21975,9680.273101,2152.68774,14289.21026
7/6/20,5529.554877,7901.688869,21952.05443,8386.539882,1769.021465,8085.287401
7/7/20,5670.078318,8166.616828,22329.61232,9669.233542,1875.627193,12371.64486
7/8/20,5683.903361,8192.681871,23143.01779,10210.61001,2318.603676,13797.20377
7/9/20,5704.010165,8230.594063,23025.93503,9837.729139,2384.188003,22012.33638
7/10/20,5750.226834,8317.723894,23057.84604,9880.735956,2273.55867,23252.29752
7/11/20,5710.292073,8242.434658,22994.71339,10088.25245,2647.868821,17965.41973
7/12/20,5713.952803,8249.337873,22598.22516,10169.42765,2759.461327,15312.50197
7/13/20,5619.693186,8071.628349,22132.78569,9463.705385,2279.833115,10754.15814
7/14/20,5577.77096,7992.589387,22352.05639,9617.331092,2082.623783,13227.5131
7/15/20,5638.776808,8107.603967,22934.81701,9600.574828,2660.788652,25640.10916
7/16/20,5771.338693,8357.523527,23244.4622,8930.366946,2407.918459,27330.4675
7/17/20,5719.340704,8259.493744,23296.68036,9518.182051,2299.730942,26693.56104
7/18/20,5766.426578,8348.263652,23146.95079,9518.772639,2401.667191,30758.54274
7/19/20,5727.40062,8274.689028,22885.81144,8929.416004,2790.74582,28999.94067
7/20/20,5730.974584,8281.425078,22521.76785,8669.338145,2391.459143,19827.15523
7/21/20,5754.785729,8326.316518,22675.02038,9146.455903,2235.284357,15753.48112
7/22/20,5754.145118,8325.109709,23312.01819,9288.446105,2960.340519,26874.36845
7/23/20,5787.845188,8388.645285,23397.95814,9314.290409,3033.946461,32065.63525
7/24/20,5711.422453,8244.559297,23460.45054,9233.091458,2803.8726,30811.67837
7/25/20,5747.300498,8312.206075,23480.76699,9904.951395,2661.451149,28595.5968
7/26/20,5734.878835,8288.788539,23080.08108,10315.35895,3144.375738,29033.6428
7/27/20,5642.13575,8113.93962,22660.81514,7576.102076,2555.006479,15190.72099
7/28/20,5520.79109,7885.165345,22872.10116,8449.071564,2427.496537,15264.59084
7/29/20,5611.406764,8056.004359,22560.13433,9797.701065,2351.575418,17590.05606
7/30/20,5724.928807,8270.031317,22675.25116,9138.160199,2275.017778,19117.28232
7/31/20,5595.261854,8025.56654,22657.1451,9898.511753,2401.910639,15576.99701
8/1/20,5574.094641,7985.661285,22886.3005,9602.98568,2325.101776,16266.91295
8/2/20,5674.225342,8174.439985,22646.17864,9006.422169,2559.220544,22484.01168
8/3/20,5545.986937,7932.667875,22626.48731,9542.017298,2551.759026,15307.50175
8/4/20,5622.248931,8076.445524,22762.76121,10184.08223,2322.259902,20394.47554
8/5/20,5749.565352,8316.476573,23202.76193,10291.75772,3168.21845,25307.62378
8/6/20,5735.326082,8289.628865,22785.16319,10260.65991,3035.233176,21984.26968
8/7/20,5722.888258,8266.182605,22907.67815,9889.44145,2851.134665,21067.14519
8/8/20,5767.254608,8349.826747,23258.84323,10021.04532,2831.819106,25080.18765
8/9/20,5738.990662,8296.539275,23232.75367,10393.77791,3060.120799,23450.39854
8/10/20,5762.225873,8340.34419,22898.45348,9219.77432,2948.377947,20107.75099
8/11/20,5767.959458,8351.154022,22773.30842,9713.995731,3060.099321,19741.76435
8/12/20,5764.879274,8345.347928,23098.68138,10155.05501,3366.552542,24392.23264
8/13/20,5772.374641,8359.478336,23081.58114,10329.62132,3152.569298,22162.56108
8/14/20,5709.834886,8241.570815,23101.20337,10303.43246,3153.105973,17045.35949
8/15/20,5651.176479,8130.981251,23130.93888,9688.583525,3029.377386,19962.09458
8/16/20,5752.416048,8321.850898,23040.86272,10100.60209,3173.045912,20799.0995
8/17/20,5597.341554,8029.486479,22728.91468,9809.06807,3242.527941,15836.0987
8/18/20,5693.418324,8210.620968,22808.83257,9432.561805,3008.698934,21832.36604
8/19/20,5651.789689,8132.136921,22860.69937,9570.399884,3219.125009,21347.64571
8/20/20,5678.502727,8182.501625,23047.82303,9580.108184,3190.504968,15400.35945
8/21/20,5698.68457,8220.550084,23068.82322,9308.117377,2967.780125,13585.08621
8/22/20,5602.493357,8039.199098,23233.77274,9163.428436,2322.361568,10191.94229
8/23/20,5673.650723,8173.35401,23096.47057,9219.717371,2646.318717,14129.17538
8/24/20,5697.391393,8218.11347,22964.50605,8801.007584,2354.38063,11048.45034
8/25/20,5785.921552,8385.018613,22732.81414,8431.735135,2244.844616,22217.87341
8/26/20,5710.992927,8243.754156,23504.69804,10273.14589,2588.199619,26138.02576
8/27/20,5701.333505,8225.544269,23338.48393,9992.580614,2526.51052,25513.13119
8/28/20,5635.443335,8101.320341,23239.19944,9418.689342,2391.705853,22024.45391
8/29/20,5709.885464,8241.668315,23438.41203,9989.279678,2384.665179,25184.89759
8/30/20,5672.123561,8170.474114,23346.3068,10172.70186,2546.172987,24395.60494
8/31/20,5705.246559,8232.919826,23241.03261,9716.225439,2313.001148,20108.30597
9/1/20,5705.151526,8232.743811,23113.43882,9773.175707,2478.045287,19410.52978
9/2/20,5683.04028,8191.056033,23203.16716,10099.64232,2673.095903,23024.07074
9/3/20,5690.078833,8204.327313,23116.88057,9922.527807,2185.471102,27441.61553
9/4/20,5746.523597,8310.742778,23252.55632,10069.34432,2259.135225,25882.62937
9/5/20,5752.920614,8322.801983,23602.33854,9932.715991,2231.296787,23781.10974
9/6/20,5651.783915,8132.127306,22756.25611,8370.680174,2374.800559,13710.9288
9/7/20,5631.244831,8093.404491,22709.09646,8687.715247,2207.826132,12302.9654
9/8/20,5685.883001,8196.414863,22946.65653,8292.143954,2259.728245,18571.43298
9/9/20,5754.826546,8326.39589,23030.41546,8857.619142,2068.101104,19238.70608
9/10/20,5813.284669,8436.60859,23303.29643,10246.51279,2396.631217,22270.73054
9/11/20,5767.59706,8350.473389,23163.39207,10314.329,2587.143343,19957.73636
9/12/20,5749.238411,8315.861195,23298.86701,10413.16829,2534.723764,18779.77091
9/13/20,5727.227607,8274.363181,22981.366,10191.01756,2712.55313,19480.78375
9/14/20,5718.594632,8258.088138,22721.12213,8945.646342,2158.224013,17424.70246
9/15/20,5673.469573,8173.012362,22567.16592,8866.107295,2056.162702,11763.27245
9/16/20,5776.896569,8368.005062,23357.71758,9840.606257,2239.070693,20433.00843
9/17/20,5744.215409,8306.39104,23428.45007,10211.2406,2210.96693,22989.86125
9/18/20,5738.926424,8296.419145,23275.61644,10283.75957,2490.371541,25192.51766
9/19/20,5733.068245,8285.373678,23120.09261,9580.015384,2361.393533,26662.86789
9/20/20,5737.28909,8293.331265,23265.1601,9783.402472,2695.811924,25037.70028
9/21/20,5695.026585,8213.65278,22864.10726,8749.035829,2573.254398,15461.6072
9/22/20,5681.192072,8187.570803,22621.65652,8449.117796,2479.562032,14823.20376
9/23/20,5844.326011,8495.13167,23017.08705,8922.143396,2575.263692,18230.27079
9/24/20,5874.165879,8551.389097,23263.29026,8894.010376,2858.288969,24660.1819
9/25/20,5830.479154,8469.025225,23199.71488,10071.44928,2881.049577,19259.87614
9/26/20,5778.182567,8370.428325,22984.73694,10204.67177,2954.248255,12965.39093
9/27/20,5828.329263,8464.97101,22758.60136,9997.41812,2920.709077,16337.61327
9/28/20,5661.061116,8149.617088,22114.87222,8479.425424,2165.785322,11462.0108
9/29/20,5729.224724,8278.128142,22370.88915,8842.163709,1804.544981,10178.00898
9/30/20,5782.912835,8379.346704,22922.11973,9941.67744,2946.421396,21653.82016
10/1/20,5784.285387,8381.934499,22870.51242,10119.77215,3309.910795,29088.97594
10/2/20,5765.747976,8346.98574,22925.47147,9805.945167,3019.956434,25115.04295
10/3/20,5730.739494,8280.982163,22899.42589,9771.071496,2866.067761,18918.78438
10/4/20,5794.520402,8401.230697,23041.49372,9781.748222,3229.855785,21092.04206
10/5/20,5717.975119,8256.918443,22536.01922,8981.92745,2525.975313,15043.76045
10/6/20,5691.956147,8207.86457,22256.58451,8322.568968,1925.043895,7802.627774
10/7/20,5695.305724,8214.178711,22844.02461,8973.388978,2605.811521,6825.895157
10/8/20,5728.234936,8276.260696,22898.50345,8873.731621,2722.476284,9025.036829
10/9/20,5593.569808,8022.37623,22734.5154,8789.372268,2851.469448,7184.047255
10/10/20,5661.343358,8150.152603,23042.48874,8644.797194,2729.495358,8861.926355
10/11/20,5564.236422,7967.074588,23012.58487,9279.057476,3016.061437,11158.79531
10/12/20,5506.029108,7857.333603,22560.58436,8856.654415,2199.658556,6679.886227
10/13/20,5631.578886,8094.034353,22561.89783,8832.228118,1898.542768,6622.862942
10/14/20,5582.148945,8000.842904,22649.97706,8949.163348,1942.392408,10245.6317
10/15/20,5673.637372,8173.329543,22808.95308,8897.369437,2096.787129,11780.43522
10/16/20,5609.307816,8052.048822,22897.46877,9053.951856,2390.251625,13890.72369
10/17/20,5606.384947,8046.53797,22975.65525,9661.45226,2306.913139,15253.71671
10/18/20,5710.128221,8242.126112,22861.04383,9370.039495,2712.588093,16940.804
10/19/20,5574.456015,7986.339521,22132.93901,9087.921573,2436.725575,9925.423898
10/20/20,5581.159316,7998.97673,22528.84177,8941.295739,1916.748166,9999.171003
10/21/20,5738.979098,8296.517258,22999.38019,9328.952802,2339.400174,18046.02506
10/22/20,5678.816543,8183.091586,22898.58838,9387.86186,2262.243792,15140.31395
10/23/20,5689.141914,8202.558348,22765.25418,8750.069736,2218.506115,12670.63218
10/24/20,5791.121952,8394.823741,23145.57196,9263.047726,2116.459343,18967.37453
10/25/20,5783.356248,8380.182866,22815.98255,9509.768951,2415.598998,19986.73816
10/26/20,5644.256981,8117.937246,22476.85889,8594.607793,2232.898098,13961.56205
10/27/20,5551.411553,7942.893901,22552.07952,8220.497586,1806.974318,8884.08954
10/28/20,5620.427409,8073.010422,22648.10218,8975.909462,2228.003218,11041.07755
10/29/20,5719.585507,8259.954511,22819.67608,9279.749731,2307.730644,15553.27292
10/30/20,5692.721758,8209.30781,22781.01222,9359.364031,2380.214843,15934.12707
10/31/20,5724.686553,8269.572723,22835.82288,9375.465067,2128.052509,19808.21869
11/1/20,5738.019456,8294.709525,22862.85194,9202.599933,2304.339683,18990.24874
11/2/20,5687.933912,8200.280509,22458.90301,8113.102677,2232.938294,10931.19793
11/3/20,5870.42064,8544.3272,22528.76868,8797.423627,2060.672646,14544.37117
11/4/20,5779.338334,8372.608113,22982.28589,9828.449616,2085.36705,24740.34709
11/5/20,5815.523536,8440.829327,22997.13175,9585.344332,2252.319102,22534.44002
11/6/20,5745.727077,8309.241387,22423.97462,7871.002595,1678.614995,9019.771922
11/7/20,5704.633803,8231.766483,22817.86402,8369.471008,2156.289551,11870.57203
11/8/20,5799.009245,8409.694463,23004.46561,8776.812698,2347.567567,19675.75055
11/9/20,5730.715179,8280.938618,22800.76271,8472.690027,2000.732524,10100.9688
11/10/20,5862.373896,8529.15724,22848.95017,8795.551751,1741.950114,9579.131644
11/11/20,5810.818216,8431.956881,22594.67936,9473.500599,2181.695593,15292.80118
11/12/20,5844.771081,8495.969852,22300.74822,9440.387638,2058.507324,17739.76299
11/13/20,5836.500714,8480.377616,22307.03686,8987.653948,1710.402994,8360.902344
11/14/20,5781.280243,8376.269143,22855.34039,9688.778748,2253.972497,14631.55623
11/15/20,5752.98149,8322.916049,22631.42719,9413.042236,2492.806098,13616.2187
11/16/20,5877.798397,8558.236702,22469.11849,8653.806009,2084.279767,9756.84205
11/17/20,5828.964401,8466.169918,22566.56442,9272.088315,1807.957623,8703.490997
11/18/20,5831.305431,8470.583145,23241.41079,10108.85106,2528.494313,18111.63833
11/19/20,5883.53562,8569.053577,23225.49525,9820.412211,2130.901479,16256.64902
11/20/20,5811.26124,8432.793103,23258.60648,9189.171924,1802.474896,14504.95079
11/21/20,5905.374125,8610.226356,23374.57049,8222.213199,2286.45822,14228.30111
11/22/20,5722.298372,8265.070357,23210.04449,8950.636644,2652.261397,14247.73922
11/23/20,5997.446495,8783.812214,23139.38005,8470.407447,2144.726617,8206.156982
11/24/20,6061.521356,8904.614024,23191.40144,8558.350663,2027.086515,12068.18809
11/25/20,5893.762237,8588.334035,23057.54929,9611.089995,2294.021106,20478.42395
11/26/20,5867.119562,8538.10422,23037.0407,9709.543754,2558.042742,23299.04068
11/27/20,5838.51076,8484.167075,23190.54123,9130.702034,2061.851672,13614.54236
11/28/20,5584.216691,8004.741453,22777.07652,8931.675069,1913.753064,12151.45188
11/29/20,5695.837512,8215.182619,23063.34228,10205.90455,2533.538784,17586.40968
11/30/20,5776.808601,8367.839122,22566.40133,8557.941891,1868.355006,9263.947074
12/1/20,5704.367349,8231.264192,22629.00505,8468.554232,1833.491758,17339.98299
12/2/20,5764.40617,8344.455851,23057.15345,10013.93499,2212.107676,7753.851163
12/3/20,5426.491492,7707.378027,22570.90429,8737.356383,2077.122201,6677.895182
12/4/20,5457.2627,7765.39191,23093.127,9105.64951,2218.055834,5029.304776
12/5/20,5503.082846,7851.777705,22779.96646,9634.215922,2189.257568,5759.412647
12/6/20,5476.348605,7801.37529,21912.78782,9498.363154,2044.002371,6407.241847
12/7/20,5438.20474,7729.461566,22059.72666,8920.957765,2028.967758,4405.137647
12/8/20,5405.930481,7668.614133,22297.40342,8579.402641,1982.457418,5193.678059
12/9/20,5402.532761,7662.208831,22829.96058,8684.264436,2027.281936,5336.740434
12/10/20,5492.727379,7832.254102,22648.42684,8267.670459,2068.630575,3829.980004
12/11/20,5477.729173,7803.978151,22597.93097,8621.846946,2032.655099,3616.302739
12/12/20,5459.478161,7769.569133,22450.12556,8907.324887,2197.81515,5238.5342
12/13/20,5491.79171,7830.490396,22195.15047,9413.446763,2283.599055,1613.149398
12/14/20,5398.016388,7653.694078,22107.10426,8800.146752,2143.362215,3504.131978
12/15/20,5457.957333,7766.701899,22133.91233,8505.520261,2148.784628,2774.657112
12/16/20,5370.491595,7601.800668,22606.12033,9671.024722,2130.337046,6032.961321
12/17/20,5432.769038,7719.213768,22566.49413,8791.420412,2025.36138,4220.092863
12/18/20,5402.187695,7661.558269,22467.75712,9033.026331,2020.896268,5460.426928
12/19/20,5433.045522,7719.734907,21965.50612,8708.858553,1966.380476,5402.572974
12/20/20,5451.484969,7754.499567,21974.66266,9077.228262,1980.295848,3928.016584
12/21/20,5400.688956,7658.732205,22315.86705,8872.812558,1872.109391,3141.780118
12/22/20,5376.205884,7612.573723,22249.77676,8778.824991,1977.661574,4239.239069
12/23/20,5471.515572,7792.263258,22625.47854,9339.62524,2120.283599,8580.031776
12/24/20,5608.353518,8050.246663,22879.99557,8819.111794,2083.590776,9141.424157
12/25/20,5577.992724,7993.006518,22647.46789,8523.09474,1958.264291,9069.271168
12/26/20,5465.818395,7781.522233,22162.80643,9451.508228,2095.537756,5601.030106
12/27/20,5455.321863,7761.732778,22040.23143,9460.398018,2035.471799,6153.163485
12/28/20,5453.697628,7758.670299,22153.66315,8880.953732,2069.539143,8233.847558
12/29/20,5464.993929,7779.967744,22462.29241,9301.043375,2023.785721,10126.53549
12/30/20,5498.699554,7843.51367,22208.47063,9232.827707,2190.152087,4827.178455
12/31/20,5482.992292,7813.900392,22548.72421,8687.777239,2165.797284,6060.270973
1/1/21,5445.437648,7743.097936,22659.12953,8899.469067,1966.067878,5768.662046
1/2/21,5520.903584,7885.375381,22249.48518,8301.16584,2094.7221,6551.449393
1/3/21,5461.357132,7773.111488,22151.97497,8447.02342,1753.567028,5274.514663
1/4/21,5486.691347,7820.874603,22498.57384,8442.289809,1936.236418,4626.226915
1/5/21,5383.800995,7626.892793,22444.85217,8635.830281,1792.150677,3875.325103
1/6/21,5380.28854,7620.27081,22576.66579,9255.912552,1875.073009,5544.61822
1/7/21,5423.34958,7701.455432,22928.52606,8963.952752,2048.878335,3398.179232
1/8/21,5391.486803,7641.38359,23218.8425,8012.047382,1974.259318,8306.251828
1/9/21,5410.963261,7678.102692,23210.26036,9188.400224,1918.190989,6187.842727
1/10/21,5536.672217,7915.105014,22683.15589,9468.638548,1860.723785,4109.257735
1/11/21,5485.611504,7818.838615,22411.68477,8312.472323,1855.492267,5769.612754
1/12/21,5406.717662,7670.09859,22337.31083,8702.928637,1718.409941,6184.141527
1/13/21,5422.871294,7700.553311,22249.87485,8856.435445,1918.750283,5325.5288
1/14/21,5433.852706,7721.256447,22250.94444,8780.956856,1944.443354,5538.772325
1/15/21,5431.845178,7717.471751,22180.91262,8247.512726,2050.431565,8616.802896
1/16/21,5429.551559,7713.147603,22625.3416,8644.0308,1959.465529,9165.708029
1/17/21,5447.523919,7747.031364,22135.63983,8531.727441,1930.545926,5582.016743
1/18/21,5417.488494,7690.404912,22296.37186,8200.184515,1871.954913,7038.694538
1/19/21,5398.592826,7654.780481,22320.60497,8314.758938,1689.255074,7043.383258
1/20/21,5436.923469,7727.046173,22112.56487,8416.866801,1906.044849,6106.046612
1/21/21,5481.482809,7811.054685,22486.54495,8510.289386,1860.552615,5685.602321
1/22/21,5473.013101,7795.086611,22224.61218,8357.442639,1944.30894,5446.671269
1/23/21,5454.113097,7759.45405,22127.52112,8807.469416,1903.864819,5489.740431
1/24/21,5431.992382,7717.749307,22049.1533,8753.627467,1830.296341,4894.533889
1/25/21,5478.499138,7805.429628,22052.2496,8421.252835,1860.014146,5749.544648
1/26/21,5455.568615,7762.198169,22148.20805,8127.813992,1648.365899,4802.106328
1/27/21,5422.515459,7699.882417,22024.26918,8553.307384,1513.506015,5706.822
1/28/21,5449.35482,7750.483292,22103.66868,8298.224165,2014.065492,4633.169965
1/29/21,5477.821332,7804.151838,22290.02817,8496.451639,1958.990324,7136.180539
1/30/21,5501.287828,7848.393665,22026.38748,8623.294752,1816.949072,6396.311104
1/31/21,5511.835576,7868.279488,21950.91494,8570.524871,1850.511197,5887.819071